id,first_name,last_name,email,gender,ip_address,car_model,city,country,postalcode,jobtittle,shirt_size
1,Ursula,Jephcote,ujephcote0@altervista.org,Female,110.7.101.175,Sable,Dadapan,Indonesia,,Web Developer II,M
2,Arty,Dottridge,adottridge1@twitpic.com,Male,202.64.253.144,Continental,Youfang,China,,Recruiter,3XL
3,Christiano,Vize,cvize2@google.fr,Male,101.195.50.204,Town Car,Kraslice,Czech Republic,358 01,Biostatistician III,M
4,Thatch,Hardan,thardan3@devhub.com,Male,56.182.81.154,E-Class,Kuanfeu,Indonesia,,Legal Assistant,3XL
5,Hughie,Amphlett,hamphlett4@4shared.com,Genderfluid,239.85.223.64,Grand Cherokee,Zamora,Honduras,,Food Chemist,3XL
6,Rainer,Bromehed,rbromehed5@quantcast.com,Male,187.36.10.168,Avalanche,Severomorsk,Russia,445564,Structural Analysis Engineer,M
7,Moina,Donavan,mdonavan6@jimdo.com,Female,125.100.44.40,HHR,Afántou,Greece,,VP Product Management,S
8,Wesley,Libbis,wlibbis7@rambler.ru,Male,107.112.82.114,Corvette,Lijiazui,China,,VP Product Management,XL
9,Jerrie,Dorcey,jdorcey8@livejournal.com,Female,113.54.85.110,MR2,Campo Largo,Brazil,83600-000,VP Accounting,3XL
10,Giustina,Arnott,garnott9@bing.com,Female,78.49.7.169,RSX,Wiesbaden,Germany,65191,Structural Engineer,S
11,Grace,Burling,gburlinga@forbes.com,Female,42.235.46.77,600SL,Fteliá,Greece,,Compensation Analyst,XL
12,Wendy,Rennebeck,wrennebeckb@utexas.edu,Female,45.108.109.190,Patriot,Pomacanchi,Peru,,Cost Accountant,S
13,Bobbi,Ocklin,bocklinc@mlb.com,Female,178.151.248.222,Park Avenue,Balayang,Philippines,5800,Engineer II,M
14,Verina,Kolak,vkolakd@gizmodo.com,Agender,222.14.25.6,Crown Victoria,Rongelap,Marshall Islands,96960,Senior Cost Accountant,S
15,Alvis,Nussen,anussene@unesco.org,Male,84.201.60.249,Ridgeline,Embalse,Argentina,5856,Account Representative II,2XL
16,Bibby,Dilawey,bdilaweyf@ezinearticles.com,Female,173.51.36.147,Yukon XL 1500,Cuenca,Peru,,Operator,XS
17,Ashlen,Kubasek,akubasekg@bizjournals.com,Female,251.16.122.70,TSX,Kostomuksha,Russia,186932,Professor,M
18,Celina,Baurerich,cbaurerichh@themeforest.net,Female,142.233.12.45,Canyon,Miaotang,China,,Web Designer II,XL
19,Brook,Andriolli,bandriollii@reddit.com,Female,150.94.156.246,Elan,Paupanda Bawah,Indonesia,,Administrative Officer,S
20,Liva,O'Dwyer,lodwyerj@tmall.com,Female,109.229.211.147,Lanos,Dejen,Ethiopia,,GIS Technical Architect,S
21,Archie,Keemar,akeemark@networkadvertising.org,Male,59.99.39.175,2500,Katori-shi,Japan,311-2426,Senior Financial Analyst,3XL
22,Gwendolyn,Sutcliff,gsutcliffl@tumblr.com,Female,187.175.50.240,Montero,Nizao,Dominican Republic,11511,Compensation Analyst,M
23,Hillel,Norridge,hnorridgem@nbcnews.com,Male,187.59.217.5,Thunderbird,Géfyra,Greece,,Human Resources Manager,XS
24,Crysta,Van der Merwe,cvandermerwen@nymag.com,Female,110.153.62.67,Pajero,Changtian,China,,Internal Auditor,M
25,Dulcie,Dimitriou,ddimitriouo@tripadvisor.com,Female,5.59.86.194,Sable,Victoria,Philippines,6406,Social Worker,2XL
26,Warden,Bande,wbandep@amazon.de,Male,32.95.134.39,4Runner,Ushumun,Russia,676135,Marketing Manager,2XL
27,Gwenni,Waldren,gwaldrenq@cafepress.com,Female,79.104.224.134,Fusion,Longsha,China,,Geological Engineer,3XL
28,Marice,Duncklee,mdunckleer@drupal.org,Female,158.181.141.169,Matrix,Lere,Nigeria,,Physical Therapy Assistant,2XL
29,Enrika,Hogbin,ehogbins@ucoz.ru,Female,218.116.233.168,SJ,Cergy-Pontoise,France,95319 CEDEX,Software Engineer III,2XL
30,Rochell,Balogh,rbaloght@rakuten.co.jp,Female,187.173.188.91,G-Series G30,Truskavets,Ukraine,,Web Designer II,S
31,Tremayne,Grinley,tgrinleyu@state.gov,Male,102.250.237.118,Spirit,Tijão,Portugal,4880-106,Marketing Assistant,XS
32,Klemens,Teese,kteesev@dagondesign.com,Male,65.138.22.162,Corvette,Biting,Indonesia,,Librarian,XL
33,Phillip,Golborn,pgolbornw@elegantthemes.com,Male,198.67.103.116,Accent,Concepcion,Philippines,7213,Help Desk Operator,L
34,Foster,Mereweather,fmereweatherx@umn.edu,Male,216.186.144.150,626,Mavingouni,Comoros,,Chief Design Engineer,2XL
35,Desi,Fante,dfantey@usa.gov,Male,132.173.149.46,Charger,Labège,France,31673 CEDEX,Human Resources Manager,M
36,Felicio,MacCarrick,fmaccarrickz@ow.ly,Male,6.162.219.150,Sierra 2500,Şabyā,Saudi Arabia,,Business Systems Development Analyst,XL
37,Gustaf,Klesl,gklesl10@illinois.edu,Genderqueer,104.127.168.189,Tahoe,Myasnikyan,Armenia,,Account Coordinator,2XL
38,Wes,Donneely,wdonneely11@liveinternet.ru,Male,220.92.114.192,9-3,Dunmanway,Ireland,P47,Biostatistician III,L
39,Rowan,Lafayette,rlafayette12@engadget.com,Male,249.116.86.199,Optima,Ipueiras,Brazil,77553-000,Structural Engineer,M
40,Hailee,Unwins,hunwins13@vinaora.com,Female,86.185.42.68,Silverado,Licun,China,,Software Engineer III,XS
41,Ingamar,Gioani,igioani14@smh.com.au,Male,126.109.41.31,Montero,Terangun,Indonesia,,Physical Therapy Assistant,XS
42,Kenyon,Motton,kmotton15@storify.com,Male,254.198.252.4,Galant,Gobō,Japan,649-1537,Civil Engineer,2XL
43,Nealy,Spivie,nspivie16@wp.com,Male,191.59.10.3,G,Huangshi,China,,Assistant Media Planner,XL
44,Gilda,Jankiewicz,gjankiewicz17@paginegialle.it,Female,63.97.84.176,Silverado 3500,Saint-Amand-les-Eaux,France,59734 CEDEX,Actuary,2XL
45,Tamar,Tinner,ttinner18@pcworld.com,Genderqueer,108.102.154.8,Challenger,Shedok,Russia,352560,Desktop Support Technician,M
46,Loleta,Sibbering,lsibbering19@nyu.edu,Female,55.131.160.83,E250,Bílina Kyselka,Czech Republic,419 01,VP Product Management,3XL
47,Gardie,Tedman,gtedman1a@barnesandnoble.com,Male,14.230.116.74,Space,Bualu,Indonesia,,Analog Circuit Design manager,3XL
48,Corri,Fellgett,cfellgett1b@imgur.com,Female,241.105.4.221,Landaulet,Wanying,China,,Chemical Engineer,M
49,Gar,Poller,gpoller1c@princeton.edu,Male,27.104.82.221,K5 Blazer,Limanowa,Poland,34-651,Teacher,M
50,Denny,Lanchbery,dlanchbery1d@theglobeandmail.com,Male,105.7.243.231,Sportvan G10,Saryshaghan,Kazakhstan,,Senior Developer,3XL
51,Cinderella,Adnam,cadnam1e@imageshack.us,Female,170.229.213.55,Routan,Jiuquan,China,,Help Desk Operator,L
52,Franciskus,Divine,fdivine1f@trellian.com,Male,195.218.62.27,Ghost,Privolzhsk,Russia,155553,Senior Sales Associate,XS
53,Arlene,Yousef,ayousef1g@yandex.ru,Female,203.204.27.89,Sunfire,Shangcun,China,,Senior Sales Associate,2XL
54,Mark,Derx,mderx1h@reddit.com,Male,254.28.184.147,S6,Hezuoqiao,China,,Recruiting Manager,3XL
55,Herbie,Shoute,hshoute1i@adobe.com,Male,74.0.208.4,Intrepid,Binafun,Indonesia,,Account Representative II,3XL
56,Olva,Priestner,opriestner1j@cbslocal.com,Female,101.62.5.76,H1,Chengjiao Chengguanzhen,China,,Junior Executive,2XL
57,Wilone,Eary,weary1k@microsoft.com,Female,43.57.65.212,Grand Cherokee,Usman’,Russia,399373,Community Outreach Specialist,XL
58,Loreen,Northcote,lnorthcote1l@wiley.com,Female,79.18.127.73,Rodeo Sport,Ribas,Portugal,4610-535,Recruiting Manager,2XL
59,Easter,Entreis,eentreis1m@dell.com,Female,133.239.226.251,9-5,Haukipudas,Finland,90840,Mechanical Systems Engineer,M
60,Kendre,Roycroft,kroycroft1n@thetimes.co.uk,Female,253.39.166.131,Sephia,Paris 09,France,75434 CEDEX 09,Computer Systems Analyst IV,S
61,Earle,Burnhams,eburnhams1o@cloudflare.com,Male,223.247.47.28,CR-V,Rayevskiy,Russia,452122,Office Assistant IV,M
62,Doro,Worswick,dworswick1p@ted.com,Polygender,215.184.243.202,Quattro,Presidente Epitácio,Brazil,19470-000,Office Assistant IV,M
63,Malorie,Campey,mcampey1q@parallels.com,Female,147.208.196.219,Trooper,Dapchi,Nigeria,,Physical Therapy Assistant,M
64,Marylee,McCoveney,mmccoveney1r@a8.net,Female,49.81.181.83,Tracker,Lille,France,59895 CEDEX 9,Project Manager,M
65,Reynold,Chavey,rchavey1s@narod.ru,Male,3.192.156.179,323,Toutuo,China,,Food Chemist,XS
66,Woodman,Jone,wjone1t@netlog.com,Male,156.11.104.246,Rally Wagon 2500,Kuaidamao,China,,VP Accounting,XS
67,Sloane,Stradling,sstradling1u@who.int,Male,82.2.80.193,JX,Luoqi,China,,Help Desk Operator,S
68,Katusha,Stych,kstych1v@t-online.de,Polygender,34.135.0.170,Yukon XL 2500,Oslo,Norway,0679,Human Resources Assistant II,S
69,Golda,Foux,gfoux1w@theglobeandmail.com,Female,211.32.222.151,Probe,Citundun,Indonesia,,VP Product Management,XL
70,Cristiano,Tolfrey,ctolfrey1x@discovery.com,Male,244.32.251.19,Venture,Pećigrad,Bosnia and Herzegovina,,Clinical Specialist,3XL
71,Kanya,Peare,kpeare1y@google.fr,Female,137.175.92.189,CLK-Class,Phetchaburi,Thailand,76150,Design Engineer,XS
72,Eleonore,Woolveridge,ewoolveridge1z@tinyurl.com,Female,82.116.95.179,Yukon XL 2500,Ranong,Thailand,85000,Executive Secretary,2XL
73,Haven,Chappel,hchappel20@businessweek.com,Male,182.246.6.190,Probe,Nuevo Emperador,Panama,,Civil Engineer,L
74,Arel,Breffitt,abreffitt21@indiatimes.com,Male,16.122.145.17,Ram 1500,Cibalung,Indonesia,,Budget/Accounting Analyst I,L
75,Orv,Le Grove,olegrove22@google.com,Male,199.32.123.81,B-Series Plus,Mallawī,Egypt,,Business Systems Development Analyst,M
76,Jasmine,Wildish,jwildish23@canalblog.com,Female,112.0.102.195,Tahoe,Rožaje,Montenegro,,VP Sales,3XL
77,Grace,Spadelli,gspadelli24@icio.us,Female,30.40.85.61,Wrangler,Daojiang,China,,Sales Representative,3XL
78,Stan,D'Alwis,sdalwis25@e-recht24.de,Male,187.227.212.124,Grand Vitara,Grenoble,France,38030 CEDEX 2,Design Engineer,XS
79,Valeria,Guilloton,vguilloton26@nationalgeographic.com,Female,204.241.67.60,Celica,Ndano,Indonesia,,Senior Editor,2XL
80,Aloise,Mandeville,amandeville27@bizjournals.com,Polygender,100.94.116.83,Z8,Agassiz,Canada,B2E,Recruiting Manager,XL
81,Farly,McMenamy,fmcmenamy28@trellian.com,Male,29.46.49.3,Azera,‘Aqrah,Iraq,,Environmental Tech,L
82,Sigismondo,Walstow,swalstow29@miitbeian.gov.cn,Agender,109.212.195.226,F150,Phan Thong,Thailand,20160,Administrative Assistant II,L
83,Nicola,Castellucci,ncastellucci2a@networksolutions.com,Genderqueer,168.156.58.163,LeBaron,Tsibulev,Ukraine,,Speech Pathologist,L
84,Melinda,Lafrentz,mlafrentz2b@blogtalkradio.com,Agender,101.101.250.160,Montero,Bayḩān,Yemen,,Compensation Analyst,2XL
85,Ashlie,Scudders,ascudders2c@sciencedirect.com,Female,115.162.46.153,Impreza,Nuradilovo,Russia,368030,Financial Advisor,3XL
86,Orelee,Sleany,osleany2d@nytimes.com,Female,10.99.45.67,Eclipse,Gantang,China,,Operator,2XL
87,Olenka,Billison,obillison2e@1und1.de,Female,120.143.85.185,Tahoe,Jinsha,China,,Budget/Accounting Analyst I,2XL
88,Con,Hugill,chugill2f@netvibes.com,Female,206.222.118.73,Aventador,Na Kae,Thailand,48130,Librarian,XS
89,Cad,Orman,corman2g@constantcontact.com,Male,210.187.94.137,Challenger,Skatepark,Canada,K7R,Clinical Specialist,XS
90,Edwina,McConigal,emcconigal2h@businessinsider.com,Female,23.128.245.83,Seville,Umeå,Sweden,903 01,Software Engineer I,2XL
91,Xaviera,Ingerith,xingerith2i@engadget.com,Female,69.209.221.92,DTS,Huimin,China,,Research Associate,S
92,Edik,Warham,ewarham2j@godaddy.com,Male,172.195.230.124,911,Wolofeo,Indonesia,,Programmer Analyst IV,2XL
93,Gusta,Baudet,gbaudet2k@ehow.com,Female,58.223.226.207,Rally Wagon 2500,Hepu,China,,Physical Therapy Assistant,XS
94,Brucie,Guillain,bguillain2l@gravatar.com,Male,159.92.238.90,G,Tân Châu,Vietnam,,VP Sales,3XL
95,Galven,Ellerbeck,gellerbeck2m@netlog.com,Male,115.19.123.196,Boxster,Mae Charim,Thailand,55170,Mechanical Systems Engineer,S
96,Caleb,McBrearty,cmcbrearty2n@ycombinator.com,Male,170.147.210.201,W201,Eslöv,Sweden,241 32,Senior Sales Associate,L
97,Stan,Filippi,sfilippi2o@ycombinator.com,Male,198.0.125.204,Metro,Savelugu,Ghana,,Compensation Analyst,2XL
98,Keefer,Gotling,kgotling2p@va.gov,Male,124.138.33.8,XG300,Ceibas,Argentina,2823,Information Systems Manager,L
99,Gracie,McCarl,gmccarl2q@usnews.com,Female,82.229.223.147,Town Car,Nová Paka,Czech Republic,509 01,Senior Developer,S
100,Leonid,Macieja,lmacieja2r@npr.org,Male,58.242.73.132,Impala,Anchau,Nigeria,,Operator,M
101,Hamlin,Highman,hhighman2s@si.edu,Male,75.98.216.31,riolet,Örebro,Sweden,703 44,Web Designer III,3XL
102,Hannie,Scourfield,hscourfield2t@booking.com,Female,32.222.78.139,Daewoo Lacetti,Épinal,France,88099 CEDEX 9,VP Sales,XS
103,Cindi,Aronsohn,caronsohn2u@netvibes.com,Female,123.233.39.176,7 Series,Perdões,Brazil,37260-000,Environmental Specialist,M
104,Sianna,Mowlam,smowlam2v@google.pl,Female,23.65.120.125,Aurora,Qarah Ẕīā’ od Dīn,Iran,,Biostatistician IV,2XL
105,Montgomery,Gounot,mgounot2w@creativecommons.org,Male,161.206.31.156,Continental,Lewopao,Indonesia,,Junior Executive,XL
106,Billy,Loughlin,bloughlin2x@shareasale.com,Female,12.43.160.12,Boxster,Cijayana,Indonesia,,Accounting Assistant III,3XL
107,Ronny,Brammall,rbrammall2y@ftc.gov,Male,182.19.240.32,XC70,Kukawa,Nigeria,,Executive Secretary,S
108,Sinclair,Paler,spaler2z@discovery.com,Male,207.224.75.173,Santa Fe,Il’inskiy,Russia,142143,Programmer Analyst III,3XL
109,Ardis,Bugden,abugden30@ft.com,Female,228.63.40.70,57,Rosario del Ingre,Bolivia,,Financial Analyst,XL
110,Thaddeus,Mattisssen,tmattisssen31@irs.gov,Male,168.129.215.58,MX-5,Norton,Zimbabwe,,Account Executive,XL
111,Rocky,Lodemann,rlodemann32@chicagotribune.com,Male,128.174.182.211,Sundance,Basiong,Indonesia,,VP Sales,2XL
112,Catlin,Masedon,cmasedon33@mediafire.com,Female,119.116.119.246,MX-5,Újezd,Czech Republic,789 85,Senior Editor,L
113,Gina,Plackstone,gplackstone34@sogou.com,Female,86.222.179.29,Mirage,Independencia,Mexico,89759,Research Associate,2XL
114,Evaleen,Varne,evarne35@washington.edu,Female,49.18.112.141,Dakota Club,Monaragala,Sri Lanka,91000,Engineer II,3XL
115,Joelly,Whissell,jwhissell36@gmpg.org,Genderqueer,215.234.32.214,E150,Stubno,Poland,37-723,Marketing Manager,L
116,Shanda,McKibben,smckibben37@spiegel.de,Female,80.244.3.95,2500 Club Coupe,Kunjāh,Pakistan,55151,Executive Secretary,2XL
117,Aeriel,Russan,arussan38@cbsnews.com,Female,217.103.99.183,Ranger,Obsza,Poland,23-413,Accounting Assistant IV,M
118,Correy,Emanueli,cemanueli39@squarespace.com,Female,190.253.166.7,F-Series,Changxing,China,,Quality Engineer,XL
119,Johannes,Binns,jbinns3a@flickr.com,Male,208.249.143.197,Touareg,Wupu,China,,Tax Accountant,S
120,Norton,Nash,nnash3b@ovh.net,Male,228.74.160.190,LeSabre,Nechanice,Czech Republic,503 15,Human Resources Manager,XS
121,Fair,Radmer,fradmer3c@aboutads.info,Male,117.126.194.93,MX-5,Huntsville,United States,35815,Accountant II,3XL
122,Teodoor,Carreck,tcarreck3d@umich.edu,Male,246.70.217.42,del Sol,Briey,France,54154 CEDEX,Quality Control Specialist,3XL
123,Gabriele,Knee,gknee3e@samsung.com,Agender,84.67.117.214,Bravada,Alue Glumpang,Indonesia,,Safety Technician II,XL
124,Annalise,Stanaway,astanaway3f@soup.io,Female,122.214.112.149,Spyder,Mataguži,Montenegro,,Tax Accountant,2XL
125,Wanda,Ludmann,wludmann3g@sina.com.cn,Polygender,74.216.219.13,Montero,Basing,Philippines,2417,Teacher,XL
126,Teriann,Stammirs,tstammirs3h@stumbleupon.com,Female,167.219.118.95,57,Maria Cristina,Philippines,9201,Web Developer IV,S
127,Isidro,Conant,iconant3i@businessweek.com,Male,14.46.74.232,Aurora,Sé,Portugal,5100-121,VP Product Management,XS
128,Cherri,Mowson,cmowson3j@hc360.com,Female,96.249.79.145,RL,Tahoua,Niger,,Project Manager,2XL
129,Tanny,Cowl,tcowl3k@businessinsider.com,Male,238.46.95.32,S4,Klisura,Bulgaria,4341,Automation Specialist III,XS
130,Winn,Newart,wnewart3l@geocities.jp,Male,238.233.198.141,Mystique,Lianhe,China,,Food Chemist,XL
131,Alphard,Foss,afoss3m@cnn.com,Male,152.121.8.101,X3,Urung,Indonesia,,Social Worker,L
132,Daniela,Oldfield-Cherry,doldfieldcherry3n@infoseek.co.jp,Female,207.56.155.201,Continental Mark VII,Bangad,Philippines,8411,Executive Secretary,M
133,Kaylil,Henrichsen,khenrichsen3o@seattletimes.com,Female,195.36.103.26,Savana 2500,Celso Ramos,Brazil,88598-000,Programmer Analyst IV,L
134,Leandra,Klassmann,lklassmann3p@xinhuanet.com,Female,16.230.37.36,Villager,Chaihu,China,,VP Quality Control,XL
135,Adolpho,Middell,amiddell3q@vistaprint.com,Male,38.120.27.168,Savana 1500,Miedzichowo,Poland,64-361,Database Administrator II,L
136,Florrie,Lambshine,flambshine3r@icio.us,Female,207.132.204.117,M5,Champerico,Guatemala,11007,Teacher,XS
137,Lou,Tappington,ltappington3s@fastcompany.com,Male,167.233.74.215,Continental GT,Saint-Ouen,France,93584 CEDEX,Software Engineer III,XL
138,Willa,Geraudel,wgeraudel3t@hostgator.com,Female,120.83.177.188,Clubman,Changtian,China,,Occupational Therapist,M
139,Haywood,Leyburn,hleyburn3u@abc.net.au,Non-binary,216.231.28.174,S80,Rehoboth,Namibia,,Structural Engineer,XL
140,Gene,Tytherton,gtytherton3v@ucsd.edu,Male,19.65.9.229,C70,Levallois-Perret,France,92309 CEDEX,Operator,L
141,Maudie,Frobisher,mfrobisher3w@telegraph.co.uk,Female,193.145.92.212,Integra,Bazi,China,,Legal Assistant,S
142,Coral,Ivanikov,civanikov3x@nbcnews.com,Female,78.15.168.205,Exige,Tacoma,United States,98442,Teacher,2XL
143,Claiborne,Duthie,cduthie3y@harvard.edu,Male,212.122.125.30,SL-Class,Kebloran,Indonesia,,Chief Design Engineer,2XL
144,Lizzie,Betz,lbetz3z@google.es,Genderqueer,64.247.18.116,Exige,Néos Oropós,Greece,,Information Systems Manager,XS
145,Ilyssa,Dobbs,idobbs40@meetup.com,Female,2.202.148.209,Malibu,Sumbergayam,Indonesia,,Web Developer II,3XL
146,Clarice,Camell,ccamell41@plala.or.jp,Female,208.102.2.79,LSS,Lang,China,,Senior Cost Accountant,3XL
147,Poul,Munt,pmunt42@cargocollective.com,Male,180.39.44.236,Envoy,Matsubase,Japan,869-0502,Chemical Engineer,3XL
148,Isa,Howieson,ihowieson43@cnet.com,Male,29.148.72.159,Silverado 3500HD,Sicheng,China,,Research Associate,L
149,Chucho,Tildesley,ctildesley44@ocn.ne.jp,Male,25.115.121.145,Expedition,Datuan,China,,Internal Auditor,L
150,Katina,McMillian,kmcmillian45@fema.gov,Female,153.48.197.22,S10,Al Fashn,Egypt,,Dental Hygienist,2XL
151,Micki,Gamett,mgamett46@mapy.cz,Female,53.146.149.236,Mirage,Neikeng,China,,Editor,2XL
152,Aliza,Bowsher,abowsher47@ow.ly,Female,142.21.207.42,Mustang,Bilhorod-Dnistrovs’kyy,Ukraine,,Sales Associate,XL
153,Sidnee,Janjic,sjanjic48@pinterest.com,Male,42.106.224.209,Express,Funza,Colombia,250027,Systems Administrator IV,XS
154,Conney,Southway,csouthway49@geocities.com,Male,172.68.108.32,Eldorado,Kuala Terengganu,Malaysia,20630,Automation Specialist I,XL
155,Quentin,Pattie,qpattie4a@nifty.com,Male,23.225.75.36,Element,Tembang,Indonesia,,Geologist II,3XL
156,Anderea,Beaten,abeaten4b@reuters.com,Female,98.226.219.140,Grand Prix,Bearna,Ireland,F93,Internal Auditor,L
157,Candi,Sherlaw,csherlaw4c@is.gd,Female,4.138.63.172,7 Series,Quitilipi,Argentina,3530,Help Desk Operator,XS
158,Leonie,Dunniom,ldunniom4d@washingtonpost.com,Female,136.148.151.185,Contour,Mongu,Zambia,,Environmental Specialist,3XL
159,Cosetta,Endley,cendley4e@globo.com,Non-binary,110.203.45.97,Lancer Evolution,Seleuš,Serbia,,VP Sales,S
160,Warden,Hylden,whylden4f@psu.edu,Non-binary,67.169.43.169,Probe,Västra Frölunda,Sweden,426 77,Financial Advisor,L
161,Anstice,Dreus,adreus4g@topsy.com,Female,33.97.199.135,GTI,Tayuan,China,,Civil Engineer,S
162,Arlie,Hodjetts,ahodjetts4h@nsw.gov.au,Female,201.152.105.143,Navigator L,Xiangrong,China,,Actuary,XS
163,Cirillo,Bohills,cbohills4i@lulu.com,Male,132.19.203.185,1000,Mabini,Philippines,6313,Staff Scientist,3XL
164,Arthur,Kleiner,akleiner4j@360.cn,Male,188.247.143.215,Altima,Houston,United States,77095,Account Coordinator,S
165,Lawton,Guiver,lguiver4k@berkeley.edu,Male,161.44.234.54,Esprit,Penitik,Indonesia,,Research Associate,XS
166,Annora,Farlham,afarlham4l@unicef.org,Female,153.230.249.250,XK Series,Jingu,China,,Automation Specialist I,L
167,Levi,Kisting,lkisting4m@usa.gov,Male,87.115.148.109,Parisienne,Ōtsuki,Japan,402-0056,Analog Circuit Design manager,2XL
168,Sibelle,Briddock,sbriddock4n@devhub.com,Non-binary,115.203.45.223,F150,Fushun,China,,Software Consultant,S
169,Regen,Wragg,rwragg4o@simplemachines.org,Male,232.96.171.140,Starion,Kalapanunggal,Indonesia,,Financial Advisor,S
170,Crin,Syne,csyne4p@flickr.com,Female,113.173.61.172,MX-5,Cocieri,Moldova,MD-4571,Data Coordiator,L
171,Marice,Hansod,mhansod4q@hp.com,Female,92.86.33.231,Silverado 2500,Sendangkemulian,Indonesia,,Sales Representative,XL
172,Sanders,Shearston,sshearston4r@deliciousdays.com,Male,233.127.118.157,A4,Sankera,Nigeria,,Registered Nurse,3XL
173,Leslie,Pinare,lpinare4s@harvard.edu,Genderfluid,31.174.203.195,Mountaineer,Bhokadoke,Indonesia,,Office Assistant III,S
174,Wilfrid,Westbrook,wwestbrook4t@uol.com.br,Male,108.243.69.174,Mustang,Bébédja,Chad,,Operator,XS
175,Kizzee,Barrie,kbarrie4u@youtu.be,Female,207.48.181.155,Mustang,Lam Sonthi,Thailand,71160,Senior Sales Associate,L
176,Chickie,Tichelaar,ctichelaar4v@google.com.br,Female,76.158.7.140,Murano,Mircze,Poland,22-530,Operator,2XL
177,Archibald,Betty,abetty4w@archive.org,Male,246.97.101.88,Thunderbird,Dolice,Poland,73-115,Graphic Designer,XS
178,Rockwell,Haith,rhaith4x@state.tx.us,Male,82.159.73.23,GT500,Bejuco,Costa Rica,50906,Accountant II,2XL
179,Hyacinthie,Wardhaugh,hwardhaugh4y@europa.eu,Female,1.236.6.94,E-Class,Chaloem Phra Kiat,Thailand,95120,Junior Executive,S
180,Eliot,Hick,ehick4z@wordpress.org,Genderfluid,65.152.78.159,Countryman,Skhira,Tunisia,,Software Consultant,S
181,Christen,Tyt,ctyt50@independent.co.uk,Female,147.138.187.213,Titan,Ocote Paulino,Honduras,,Programmer III,XS
182,Trudie,Jakubovski,tjakubovski51@mtv.com,Female,137.143.83.159,Forester,Zaragoza,Mexico,30800,Junior Executive,2XL
183,Linette,Doram,ldoram52@ifeng.com,Female,82.254.236.142,del Sol,Casablanca,Morocco,,Quality Engineer,3XL
184,Hailee,Shieldon,hshieldon53@hugedomains.com,Female,79.149.239.102,A8,El Cardo,Peru,,Desktop Support Technician,3XL
185,Fabe,Weekley,fweekley54@jimdo.com,Male,128.142.36.124,Firebird Formula,Parang,Indonesia,,Systems Administrator II,2XL
186,Harwell,Baldack,hbaldack55@telegraph.co.uk,Male,182.188.33.40,530,Raga,South Sudan,,Web Designer II,L
187,Francis,Letson,fletson56@salon.com,Male,104.107.235.217,Sienna,Fenghuangdong,China,,Programmer II,2XL
188,Vinny,Seson,vseson57@desdev.cn,Female,208.4.206.37,Boxster,Moerewa,New Zealand,0244,Human Resources Manager,L
189,Maximilian,Vasyutochkin,mvasyutochkin58@pbs.org,Male,162.205.128.211,CLK-Class,Vale de Santarém,Portugal,2005-033,Computer Systems Analyst III,XL
190,Zsazsa,Ivkovic,zivkovic59@dedecms.com,Female,145.126.2.38,Suburban 1500,Maturín,Venezuela,,Systems Administrator II,S
191,Joachim,Measham,jmeasham5a@posterous.com,Genderfluid,177.138.255.105,V8,Laiguangying,China,,Research Nurse,3XL
192,Sofia,Livesley,slivesley5b@macromedia.com,Female,232.205.23.99,Ram 3500,Nam Kliang,Thailand,33130,Business Systems Development Analyst,2XL
193,Odell,Drane,odrane5c@nasa.gov,Male,124.162.35.87,Silverado 1500,Xiaopingba,China,,Internal Auditor,XL
194,Lita,Kilbane,lkilbane5d@multiply.com,Female,141.113.13.91,Murano,Vanadzor,Armenia,,Nuclear Power Engineer,2XL
195,Elana,Toulmin,etoulmin5e@mapquest.com,Female,78.142.231.108,3500,Maracaju,Brazil,79150-000,Statistician II,S
196,Maurie,Jaume,mjaume5f@biblegateway.com,Male,30.12.179.209,Cirrus,Casisang,Philippines,1109,Associate Professor,2XL
197,Brewster,Garard,bgarard5g@nasa.gov,Male,138.227.150.70,Challenger,Garoua,Cameroon,,Social Worker,XL
198,Chicky,Sleite,csleite5h@freewebs.com,Male,144.173.216.253,Dakota,Maloye Verevo,Russia,188354,Geologist II,S
199,Annadiane,Ledson,aledson5i@hatena.ne.jp,Female,95.145.90.169,Equinox,Dabou,Ivory Coast,,Environmental Tech,L
200,Fawnia,Rickford,frickford5j@shareasale.com,Polygender,172.247.41.167,929,Maracaibo,Venezuela,,Assistant Manager,XS
201,Ericha,Beachamp,ebeachamp5k@themeforest.net,Genderfluid,162.127.209.83,Sidekick,Ban Lam Luk Ka,Thailand,31120,Web Designer II,2XL
202,Talyah,Jocelyn,tjocelyn5l@e-recht24.de,Female,235.78.215.111,F150,General La Madrid,Argentina,7406,VP Marketing,2XL
203,Elwyn,List,elist5m@bluehost.com,Male,79.239.214.158,Galant,Grenoble,France,38014 CEDEX 1,Biostatistician II,3XL
204,Nero,Songist,nsongist5n@sina.com.cn,Male,83.52.47.186,Aztek,Houzhai,China,,VP Quality Control,XS
205,Sarina,Moseley,smoseley5o@jimdo.com,Female,132.109.150.5,Jetta,Tuopu,China,,Environmental Specialist,L
206,Ruthie,Grover,rgrover5p@squarespace.com,Female,7.8.2.97,Jimmy,Alexandria,United States,71307,Developer I,3XL
207,Natal,Burg,nburg5q@cbsnews.com,Male,141.53.35.219,9-3,Vlachovo Březí,Czech Republic,384 22,Engineer III,S
208,Albertina,Hutchence,ahutchence5r@arizona.edu,Female,144.47.230.104,F350,Enshi,China,,Technical Writer,3XL
209,Kerwinn,Farrent,kfarrent5s@irs.gov,Non-binary,33.30.47.97,Aurora,Magtangol,Philippines,1114,Compensation Analyst,3XL
210,Ruth,Trigwell,rtrigwell5t@washingtonpost.com,Female,56.80.76.101,Leganza,La Asunción,Venezuela,,Geological Engineer,3XL
211,Heinrick,Hynes,hhynes5u@cnbc.com,Male,119.79.176.86,Tempo,São Paio Merelim,Portugal,4700-837,Cost Accountant,XS
212,Any,Swindon,aswindon5v@jugem.jp,Male,179.143.105.131,Cavalier,Santa Rosa,Peru,,Programmer IV,3XL
213,Susanne,Spiers,sspiers5w@ebay.co.uk,Female,71.160.154.65,Wrangler,Al Muwayh,Saudi Arabia,,VP Product Management,XS
214,Karalynn,Pavinese,kpavinese5x@baidu.com,Female,138.174.21.209,CL-Class,Šenčur,Slovenia,4208,Programmer Analyst II,XS
215,Ruggiero,Marquiss,rmarquiss5y@cdbaby.com,Male,138.65.12.167,Bonneville,Sawahbaru,Indonesia,,Budget/Accounting Analyst IV,3XL
216,Cassi,Croxon,ccroxon5z@google.com.au,Female,63.77.79.7,Outback,Infanta,Philippines,4336,Budget/Accounting Analyst I,3XL
217,Claudius,Bellinger,cbellinger60@amazonaws.com,Male,128.140.121.25,Phaeton,Brikcha,Morocco,,Senior Sales Associate,XL
218,Rolando,Palfreeman,rpalfreeman61@home.pl,Male,222.181.22.96,Corvette,Ipaba,Brazil,35198-000,Statistician I,2XL
219,Nannie,Hullin,nhullin62@xinhuanet.com,Female,46.60.26.195,Spyder,Minle,China,,Research Associate,L
220,Sheridan,Henniger,shenniger63@jimdo.com,Male,118.206.77.189,A8,Marseille,France,13343 CEDEX 15,Occupational Therapist,3XL
221,Mortimer,Dedam,mdedam64@chronoengine.com,Male,107.14.81.52,57,Ambulong,Philippines,4234,Registered Nurse,M
222,Octavius,Gresham,ogresham65@163.com,Male,80.44.224.204,GTO,Shanga,Nigeria,,Web Developer IV,3XL
223,Joly,Ashurst,jashurst66@rambler.ru,Female,36.47.84.132,Ram 3500 Club,Itaberaba,Brazil,46880-000,Account Coordinator,XS
224,Livvyy,Truelock,ltruelock67@i2i.jp,Female,120.157.158.223,Astro,Keluke,China,,Geologist I,L
225,Mar,Castangia,mcastangia68@geocities.jp,Male,78.117.127.102,Mini Cooper,Quán Hành,Vietnam,,Structural Analysis Engineer,L
226,Ludovico,Maccrie,lmaccrie69@wikia.com,Non-binary,110.3.25.253,Fit,Miandrarivo,Madagascar,,Junior Executive,3XL
227,Kellen,Hairesnape,khairesnape6a@google.pl,Female,165.32.22.184,Grand Marquis,Pulosari,Indonesia,,Automation Specialist IV,XS
228,Constantin,Lisciardelli,clisciardelli6b@geocities.jp,Male,118.32.3.108,911,Bojonglarang,Indonesia,,Quality Control Specialist,L
229,Corrina,Abramovitch,cabramovitch6c@xing.com,Female,180.133.37.207,Vision,Grębów,Poland,39-410,Librarian,XL
230,Zorah,Caddan,zcaddan6d@fema.gov,Female,250.172.112.148,SL-Class,Mahaica Village,Guyana,,Senior Financial Analyst,3XL
231,Eleen,Volage,evolage6e@home.pl,Female,46.143.42.209,Celica,Brades,Montserrat,,Human Resources Manager,L
232,Leigha,Bullin,lbullin6f@google.it,Female,230.71.196.36,Outback,Maredakalada,Indonesia,,Computer Systems Analyst III,S
233,Fee,Bremley,fbremley6g@va.gov,Male,28.206.79.147,6000,Calumpang,Philippines,2307,Chemical Engineer,XS
234,Tresa,Gerty,tgerty6h@paginegialle.it,Female,40.191.245.176,Tiburon,Mekkaw,Nigeria,,Analyst Programmer,XS
235,Hewie,Colls,hcolls6i@yellowbook.com,Male,61.32.111.97,Corolla,Włosienica,Poland,32-642,Internal Auditor,3XL
236,Tracee,Heninghem,theninghem6j@posterous.com,Female,2.115.212.214,E-Series,Rizári,Greece,,Actuary,L
237,Gardie,Liven,gliven6k@exblog.jp,Male,70.225.161.116,Cayenne,Lubień Kujawski,Poland,87-840,Clinical Specialist,L
238,Dee dee,Beumant,dbeumant6l@si.edu,Female,44.154.57.222,Tiburon,Åkersberga,Sweden,184 70,Assistant Professor,M
239,Desmund,Ganiclef,dganiclef6m@flavors.me,Male,215.240.106.240,Esteem,Fengchuan,China,,Senior Editor,2XL
240,Georgianna,Henighan,ghenighan6n@washington.edu,Female,148.68.19.126,E-Series,Vostochnoe Degunino,Russia,412184,Junior Executive,3XL
241,Lilyan,Trenaman,ltrenaman6o@eventbrite.com,Female,131.220.64.99,Crown Victoria,Eg-Uur,Mongolia,,Social Worker,XS
242,Caressa,Skitterel,cskitterel6p@fda.gov,Female,243.228.114.179,Outlook,Vagney,France,88125 CEDEX,Analog Circuit Design manager,XL
243,Lammond,Reading,lreading6q@whitehouse.gov,Male,167.111.114.104,Nubira,Ifanes,Portugal,5210-105,Sales Representative,XL
244,Shoshanna,Docharty,sdocharty6r@weibo.com,Female,6.100.227.185,Grand Am,Haveliān,Pakistan,22501,Occupational Therapist,2XL
245,Randolf,Ottery,rottery6s@geocities.com,Agender,239.72.219.179,S-Type,Prosperidad,Philippines,4107,Electrical Engineer,L
246,Lindsey,Gowdie,lgowdie6t@usda.gov,Female,115.198.221.179,RX,El Sombrero,Venezuela,,Director of Sales,M
247,Dael,Walbrun,dwalbrun6u@noaa.gov,Male,55.71.150.90,H1,Malambo,Colombia,083028,Civil Engineer,XL
248,Greg,Abrashkin,gabrashkin6v@marketwatch.com,Male,59.69.195.62,Diamante,Mtsensk,Russia,303036,Project Manager,3XL
249,Lyssa,Casotti,lcasotti6w@mapquest.com,Female,133.123.56.70,M5,Ambatolampy,Madagascar,,Senior Sales Associate,3XL
250,Taylor,O'Lagen,tolagen6x@blog.com,Male,36.209.155.150,Lumina,Bussum,Netherlands,1404,Design Engineer,2XL
251,Beatriz,Kubas,bkubas6y@dailymail.co.uk,Female,118.153.21.74,Loyale,Teculután,Guatemala,19005,Marketing Manager,M
252,Martynne,Nollet,mnollet6z@wix.com,Female,246.228.81.167,Corvette,Wola Sernicka,Poland,21-107,Dental Hygienist,S
253,Vi,Gratland,vgratland70@photobucket.com,Female,166.124.198.215,Alero,Hukou,China,,Analog Circuit Design manager,S
254,Ambrose,Vedeniktov,avedeniktov71@vkontakte.ru,Male,238.98.187.164,Rondo,Qarqīn,Afghanistan,,Account Executive,S
255,Brok,Rosenhaus,brosenhaus72@squidoo.com,Male,174.183.160.1,Mazdaspeed 3,Ribeira do Pombal,Brazil,48400-000,Technical Writer,L
256,Hildegarde,Finnan,hfinnan73@nih.gov,Female,216.161.246.234,500SEC,Qa‘ţabah,Yemen,,Budget/Accounting Analyst IV,XL
257,Lorna,Prendiville,lprendiville74@cyberchimps.com,Female,224.140.165.116,Caravan,Tilik,Philippines,5110,Research Nurse,XL
258,Joseito,Radke,jradke75@clickbank.net,Male,234.97.113.95,200SX,Loyola,Philippines,2514,Senior Financial Analyst,M
259,Carie,Grimmett,cgrimmett76@cocolog-nifty.com,Female,111.226.39.203,Ram,Ciulu,Indonesia,,Analog Circuit Design manager,2XL
260,Daniel,Fansy,dfansy77@hp.com,Male,25.148.223.224,LS,Cacocum,Cuba,,Automation Specialist III,L
261,Wendall,Domenichelli,wdomenichelli78@godaddy.com,Male,63.184.202.160,E-Series,Paris 08,France,75390 CEDEX 08,Database Administrator IV,XL
262,Lauree,Patmore,lpatmore79@canalblog.com,Female,159.228.84.153,F250,Katsuyama,Japan,905-0002,Engineer II,XL
263,Denney,Whitebrook,dwhitebrook7a@free.fr,Male,59.33.41.35,Discovery,Tampere,Finland,33901,Compensation Analyst,XS
264,Rogerio,Radbond,rradbond7b@time.com,Male,98.2.216.241,4000s Quattro,Aughrim,Ireland,V95,Desktop Support Technician,2XL
265,Alvina,Cruikshanks,acruikshanks7c@yelp.com,Bigender,253.10.216.47,Special,Tisno,Croatia,22240,Associate Professor,L
266,Brinn,Montilla,bmontilla7d@indiatimes.com,Female,130.105.112.97,4Runner,Ciguna,Indonesia,,Human Resources Manager,2XL
267,Katuscha,Carrick,kcarrick7e@free.fr,Female,178.85.193.57,V50,Yeliguan,China,,Chief Design Engineer,M
268,Beatriz,Wolfindale,bwolfindale7f@friendfeed.com,Female,41.153.21.31,6 Series,Severnyy,Russia,309060,Automation Specialist I,XS
269,Dimitri,Rollinshaw,drollinshaw7g@moonfruit.com,Male,47.100.154.193,300ZX,Saraza,Philippines,2804,Recruiting Manager,M
270,Marge,Frossell,mfrossell7h@cmu.edu,Female,219.189.217.252,Tribute,Texistepeque,El Salvador,,Structural Engineer,2XL
271,Martin,Aiken,maiken7i@patch.com,Male,238.112.79.179,600SL,Gafargaon,Bangladesh,2234,Dental Hygienist,M
272,Wallie,Piotrowski,wpiotrowski7j@cbc.ca,Female,202.163.72.228,Sorento,Andarapa,Peru,,Payment Adjustment Coordinator,L
273,Felice,Zmitruk,fzmitruk7k@gizmodo.com,Male,228.125.113.72,Quest,Taiping,China,,Research Nurse,L
274,Tybie,Crudge,tcrudge7l@g.co,Female,143.201.4.20,500,Klobuky,Czech Republic,273 74,Research Associate,XS
275,Hilliard,Peirce,hpeirce7m@indiatimes.com,Male,61.197.233.220,GTI,Bila,Bosnia and Herzegovina,,Geologist II,M
276,Anders,Keech,akeech7n@google.co.uk,Male,10.27.135.133,Freestar,Dziadkowice,Poland,17-306,Structural Analysis Engineer,M
277,Joeann,Comello,jcomello7o@yahoo.com,Female,231.71.237.37,5000CS,Maclear,South Africa,5483,Help Desk Technician,3XL
278,Tommie,Reames,treames7p@java.com,Female,236.181.171.137,Cruze,Hyesan-dong,North Korea,,Media Manager IV,XL
279,Gabriella,Blampey,gblampey7q@cnet.com,Female,250.123.127.15,Altima,Pryazovs’ke,Ukraine,,Nurse,L
280,Daryl,Cockshut,dcockshut7r@forbes.com,Male,129.38.2.93,F250,Untolovo,Russia,431783,Food Chemist,S
281,Zedekiah,Wooder,zwooder7s@adobe.com,Male,11.14.184.172,62,Awilega,Indonesia,,Account Coordinator,2XL
282,Eadith,Heinicke,eheinicke7t@shinystat.com,Female,230.172.104.232,Tahoe,Rokitno Szlacheckie,Poland,42-454,Legal Assistant,L
283,Nappie,Lefort,nlefort7u@zimbio.com,Male,44.59.31.246,Malibu,Youngstown,United States,44505,Software Consultant,2XL
284,Beryle,Prantl,bprantl7v@blogspot.com,Female,82.9.129.102,Mustang,Sukaraja,Indonesia,,VP Product Management,S
285,Ferdy,Pidcock,fpidcock7w@cnet.com,Male,48.51.77.28,Mazda3,Zhongdeng,China,,Registered Nurse,M
286,Eleanore,Lemmen,elemmen7x@etsy.com,Female,20.58.54.127,Mark VIII,Trinidad,Peru,,Occupational Therapist,L
287,Jamill,Bontoft,jbontoft7y@vimeo.com,Male,131.126.218.134,Quest,Riba de Ave,Portugal,4765-190,Research Associate,M
288,Mikkel,McCroft,mmccroft7z@sogou.com,Male,73.59.223.56,Blazer,Muhur,China,,Assistant Media Planner,M
289,Bethanne,Lewsy,blewsy80@jugem.jp,Bigender,230.84.40.12,Suburban 2500,Kut Chum,Thailand,18190,Chief Design Engineer,S
290,Lem,Wolvey,lwolvey81@csmonitor.com,Male,86.224.238.161,Mountaineer,Saguday,Philippines,3402,Physical Therapy Assistant,L
291,Hyacinthie,Crier,hcrier82@discovery.com,Female,58.114.241.19,GTI,Mauraro,Philippines,4515,Research Assistant III,XL
292,Karyn,Stein,kstein83@google.fr,Female,29.220.145.67,Enclave,Santa Praxedes,Philippines,3521,Graphic Designer,3XL
293,Aldo,Dumini,adumini84@goo.ne.jp,Male,13.223.57.88,Cutlass Supreme,Brumado,Brazil,46100-000,Accounting Assistant II,S
294,Pet,Ramlot,pramlot85@wp.com,Female,117.230.8.1,B-Series,Pacaembu,Brazil,17860-000,VP Quality Control,2XL
295,Perry,Salliere,psalliere86@vimeo.com,Female,93.115.110.5,Bronco II,Brunflo,Sweden,834 33,Graphic Designer,XS
296,Ruddie,Light,rlight87@wordpress.com,Male,31.83.90.89,Legacy,Sundbyberg,Sweden,174 59,Research Assistant I,S
297,Bobina,Marder,bmarder88@ihg.com,Female,141.221.7.147,H2,Pak Phanang,Thailand,80140,Executive Secretary,3XL
298,Tore,Togwell,ttogwell89@goo.ne.jp,Male,125.214.42.221,G5,Chervonopartyzans’k,Ukraine,,VP Product Management,XS
299,Haley,Kindleysides,hkindleysides8a@independent.co.uk,Female,179.252.94.178,Suburban 2500,Merida,Philippines,6540,Pharmacist,L
300,Mathias,Andreuzzi,mandreuzzi8b@addtoany.com,Non-binary,244.16.177.175,XJ Series,Jesús María,Argentina,5223,Nurse,XL
301,Hanny,Chiswell,hchiswell8c@dropbox.com,Female,240.200.38.4,Passat,Lanxi,China,,Legal Assistant,3XL
302,Barbaraanne,Lutwyche,blutwyche8d@cnbc.com,Female,70.142.39.229,Cooper,Harbin,China,,Human Resources Assistant II,XS
303,Clim,Lantiff,clantiff8e@sina.com.cn,Male,31.55.7.56,Sonoma Club Coupe,La Suiza,Costa Rica,30502,Programmer IV,S
304,Lorna,Tideswell,ltideswell8f@admin.ch,Female,187.225.91.31,Forester,Pelem,Indonesia,,Speech Pathologist,2XL
305,Billie,Garrity,bgarrity8g@patch.com,Female,201.51.69.133,Safari,Andalucía,Colombia,763008,Web Designer IV,3XL
306,Alla,Smeall,asmeall8h@blogtalkradio.com,Female,6.109.18.149,Prius Plug-in,Veiros,Portugal,3860-346,Professor,M
307,Lorilee,Wapplington,lwapplington8i@mapy.cz,Female,66.228.225.186,530,Beška,Serbia,,Senior Cost Accountant,XL
308,Michaela,Longo,mlongo8j@posterous.com,Female,248.237.237.122,Ram 3500,Duboka,Serbia,,Project Manager,S
309,Quincey,Salandino,qsalandino8k@ucsd.edu,Male,200.230.132.198,XJ Series,Cartagena del Chairá,Colombia,183027,Systems Administrator III,XS
310,Hilly,Bigadike,hbigadike8l@huffingtonpost.com,Male,246.237.54.180,SJ,Dongzhou,China,,Staff Accountant II,3XL
311,Ileane,Buesnel,ibuesnel8m@usa.gov,Female,37.32.7.19,A8,Ustynivka,Ukraine,,Research Assistant I,XL
312,Car,Lawday,clawday8n@constantcontact.com,Male,120.35.125.113,Grand Cherokee,Týnec,Czech Republic,691 54,Safety Technician II,3XL
313,Hanni,Blevin,hblevin8o@acquirethisname.com,Female,154.124.95.171,750,Ayotupas,Indonesia,,Nurse Practicioner,2XL
314,Haydon,Michie,hmichie8p@tripod.com,Male,188.100.127.161,Silverado 3500,Đống Đa,Vietnam,,Paralegal,2XL
315,Mitchell,McClymont,mmcclymont8q@blinklist.com,Male,161.8.210.154,M,Bergen,Norway,5098,Legal Assistant,L
316,Adan,O'Mahoney,aomahoney8r@arizona.edu,Female,130.61.47.165,Intrepid,Danidehe,Indonesia,,Research Assistant III,S
317,Paige,Peverell,ppeverell8s@comsenz.com,Female,79.121.94.100,MR2,Bendoroto,Indonesia,,Health Coach III,L
318,Saw,Pasque,spasque8t@sina.com.cn,Male,186.96.214.110,Express 1500,Taifu,China,,Mechanical Systems Engineer,XS
319,Crysta,Applegarth,capplegarth8u@barnesandnoble.com,Female,131.136.159.175,Ghost,Vulcan,Canada,V6M,Physical Therapy Assistant,XL
320,Reeba,Twigger,rtwigger8v@japanpost.jp,Female,113.153.219.103,Galaxie,Skhirat,Morocco,,Human Resources Manager,XS
321,Zita,Vedenyapin,zvedenyapin8w@multiply.com,Female,42.150.225.220,Escort,Doubrava,Czech Republic,735 33,Nuclear Power Engineer,3XL
322,Felix,Molder,fmolder8x@squarespace.com,Male,143.160.93.156,Concorde,Windusakti Hilir,Indonesia,,Budget/Accounting Analyst I,2XL
323,Inga,Hassekl,ihassekl8y@geocities.jp,Female,25.222.89.94,XC60,Jelah,Bosnia and Herzegovina,,General Manager,XS
324,Farica,Tickel,ftickel8z@house.gov,Female,64.198.196.72,Ciera,Tonekābon,Iran,,Senior Cost Accountant,M
325,Lemar,Hrishanok,lhrishanok90@chicagotribune.com,Male,212.26.130.35,M-Class,Los Angeles,United States,90189,Recruiter,XS
326,Susanetta,Manderson,smanderson91@yellowpages.com,Female,36.146.15.112,B-Series Plus,Inicbulan,Philippines,4201,Biostatistician III,3XL
327,Alberto,Yellowlees,ayellowlees92@slideshare.net,Male,99.236.76.40,9000,Pappádos,Greece,,VP Product Management,2XL
328,Phineas,Ruston,pruston93@seesaa.net,Male,229.162.67.250,Mark LT,Slavgorod,Russia,628517,Staff Scientist,M
329,Travus,Grigor,tgrigor94@feedburner.com,Male,170.180.234.209,430,Vília,Greece,,Nurse Practicioner,3XL
330,Zack,Lambie,zlambie95@stumbleupon.com,Male,124.180.115.194,Rodeo,Bhokadoke,Indonesia,,Community Outreach Specialist,3XL
331,Johannah,Lyster,jlyster96@hostgator.com,Female,43.4.74.217,F350,Zoumaping,China,,Recruiter,S
332,Jolie,Sherer,jsherer97@examiner.com,Female,192.63.1.7,M3,Rybí,Czech Republic,742 65,Geological Engineer,S
333,Renell,Sanday,rsanday98@unicef.org,Female,158.121.14.105,Jimmy,Margasari,Indonesia,,Engineer II,M
334,Tore,Lurriman,tlurriman99@ehow.com,Male,41.13.209.201,Yaris,Molde,Norway,6413,Research Assistant III,M
335,Lorette,Dunnico,ldunnico9a@w3.org,Female,202.138.88.213,Viper,Pontang Tengah,Indonesia,,Chemical Engineer,XL
336,Artemus,Adenet,aadenet9b@macromedia.com,Male,18.221.37.26,Altima,Shuyuan,China,,Account Coordinator,M
337,Janine,Lindro,jlindro9c@tumblr.com,Female,252.108.194.219,Crown Victoria,Lyon,France,69464 CEDEX 06,Programmer Analyst I,M
338,Barbabra,Mouget,bmouget9d@google.pl,Agender,25.59.40.51,Continental GT,Magnitogorsk,Russia,455051,VP Sales,S
339,Koren,Borrott,kborrott9e@exblog.jp,Female,23.46.84.130,New Beetle,Mirões,Portugal,3700-622,Research Assistant II,2XL
340,Tersina,Harrap,tharrap9f@paginegialle.it,Female,15.206.156.224,Solara,Željezno Polje,Bosnia and Herzegovina,,Actuary,L
341,Deborah,Scholte,dscholte9g@naver.com,Female,216.54.218.183,Courier,Ladhewāla Warāich,Pakistan,52311,Junior Executive,XS
342,Gideon,Wragge,gwragge9h@ucoz.com,Male,94.162.4.143,9-3,Aguadulce,Panama,,Operator,S
343,Ky,Fettis,kfettis9i@com.com,Male,19.232.205.212,Passat,Katrineholm,Sweden,641 96,Associate Professor,M
344,Hamel,Van Dalen,hvandalen9j@taobao.com,Male,181.227.82.237,Ram 2500,Tarimbang,Indonesia,,Administrative Assistant I,S
345,Grazia,Crellim,gcrellim9k@aboutads.info,Female,157.190.227.221,Corvette,Syrostan,Russia,456382,Financial Advisor,XS
346,Audi,Luis,aluis9l@t-online.de,Female,128.44.50.159,A8,Qarchī Gak,Afghanistan,,Associate Professor,XL
347,Elly,Pasmore,epasmore9m@canalblog.com,Genderqueer,241.71.250.122,430 Scuderia,Tirtopuro,Indonesia,,Speech Pathologist,XL
348,Nerte,McNirlan,nmcnirlan9n@harvard.edu,Female,115.33.229.218,Santa Fe,Chīchāwatni,Pakistan,66074,Research Nurse,L
349,Mordy,Climson,mclimson9o@lulu.com,Male,13.218.46.156,F250,Creighton,South Africa,3263,Research Associate,L
350,Jarad,Melsom,jmelsom9p@wordpress.org,Male,175.147.79.176,Aventador,Mkiriwadjumoi,Comoros,,Actuary,XS
351,Billy,Cawt,bcawt9q@irs.gov,Non-binary,16.180.73.125,Montana,Melfort,Canada,B3H,GIS Technical Architect,L
352,Maureene,Shergold,mshergold9r@utexas.edu,Female,246.175.214.102,Aztek,Dessalines,Haiti,,Administrative Officer,XL
353,Corie,Jiracek,cjiracek9s@cocolog-nifty.com,Female,9.154.48.67,Falcon,Idanha-a-Nova,Portugal,6060-104,VP Sales,S
354,Arabelle,Ganny,aganny9t@tiny.cc,Female,51.120.137.14,Riviera,Divinópolis,Brazil,35500-000,Marketing Manager,XL
355,Avictor,Harvie,aharvie9u@oakley.com,Male,95.178.24.237,Firebird,Montbéliard,France,25215 CEDEX,Payment Adjustment Coordinator,XS
356,Corri,Conkey,cconkey9v@sfgate.com,Female,74.180.225.62,C-Class,Coaraci,Brazil,45638-000,Internal Auditor,XS
357,Xenos,Stealfox,xstealfox9w@rakuten.co.jp,Male,170.135.227.110,Town Car,Namangan,Uzbekistan,,Associate Professor,S
358,Verla,Manuello,vmanuello9x@reddit.com,Female,11.239.190.41,Regal,Manyava,Ukraine,,Structural Analysis Engineer,2XL
359,Courtney,Mansuer,cmansuer9y@howstuffworks.com,Male,101.18.219.131,Mountaineer,Lebak,Indonesia,,Cost Accountant,2XL
360,Brand,Sturm,bsturm9z@hugedomains.com,Male,79.241.115.5,Roadmaster,Nirji,China,,General Manager,S
361,Julie,Melladew,jmelladewa0@jimdo.com,Male,14.5.220.85,9-3,Öjebyn,Sweden,943 36,Executive Secretary,M
362,Erminia,Padfield,epadfielda1@omniture.com,Female,201.93.119.65,G35,Przelewice,Poland,74-210,Desktop Support Technician,M
363,Annabel,Gorce,agorcea2@ask.com,Polygender,77.25.114.243,Ram,Carlsbad,United States,92013,Mechanical Systems Engineer,L
364,Pamelina,Morgen,pmorgena3@cyberchimps.com,Female,7.75.166.211,Sienna,Qulaybīyah,Tunisia,,Teacher,L
365,Tamarra,Gresham,tgreshama4@forbes.com,Agender,77.89.171.19,Pajero,Ljusdal,Sweden,827 82,Professor,3XL
366,Amble,Shuxsmith,ashuxsmitha5@boston.com,Male,207.118.181.125,GranSport,Peroguarda,Portugal,7900-455,Staff Scientist,3XL
367,Mayne,Spadoni,mspadonia6@theglobeandmail.com,Male,165.242.202.27,Optima,Sanfang,China,,Internal Auditor,S
368,Ermengarde,Spolton,espoltona7@adobe.com,Female,126.82.215.83,C8 Laviolette,Chengguan,China,,Assistant Media Planner,L
369,Benjy,Byre,bbyrea8@list-manage.com,Male,37.46.202.192,H3,Leshukonskoye,Russia,164670,Associate Professor,M
370,Hazel,Cordeux,hcordeuxa9@cnet.com,Genderfluid,42.251.60.240,SX4,Outlook,Canada,N3S,VP Quality Control,3XL
371,Judon,Portriss,jportrissaa@howstuffworks.com,Male,253.208.80.152,XC90,Raga,South Sudan,,VP Sales,S
372,Birk,Challenor,bchallenorab@quantcast.com,Male,164.124.43.120,Imperial,Samaipata,Bolivia,,Research Assistant I,XL
373,Iago,Kirgan,ikirganac@sfgate.com,Male,148.113.176.18,Thunderbird,Jianxincun,China,,Analog Circuit Design manager,3XL
374,Chris,Duffan,cduffanad@com.com,Female,246.138.182.73,Fox,Izborsk,Russia,181518,Editor,3XL
375,Romonda,Grabiec,rgrabiecae@imageshack.us,Female,98.36.153.214,Corvair,Kuchurhan,Ukraine,,Programmer Analyst IV,M
376,Renaud,Logsdale,rlogsdaleaf@nps.gov,Male,26.106.152.36,SLK55 AMG,Basyūn,Egypt,,Desktop Support Technician,L
377,Thor,Manis,tmanisag@globo.com,Male,100.84.47.134,Leganza,Ljupina,Croatia,35400,Registered Nurse,L
378,Claudio,Baudoux,cbaudouxah@alibaba.com,Male,49.110.9.234,Trans Sport,Zainsk,Russia,423524,Account Executive,S
379,Niall,Whitfeld,nwhitfeldai@google.cn,Male,223.113.151.119,GS,Campo Maior,Portugal,7370-012,Analyst Programmer,XS
380,Barb,Matchett,bmatchettaj@tamu.edu,Agender,15.65.228.158,Alero,Tatsuno,Japan,979-1501,VP Marketing,XS
381,Beilul,Dolman,bdolmanak@jalbum.net,Female,177.209.178.127,Pajero,Tosno,Russia,187003,Civil Engineer,XS
382,Kienan,Cellier,kcellieral@so-net.ne.jp,Male,188.232.2.210,X3,Takari,Indonesia,,Data Coordiator,2XL
383,Daphna,Di Carlo,ddicarloam@irs.gov,Female,76.222.97.241,Magnum,Los Fresnos,Mexico,36750,Geologist II,XS
384,Myrtie,Opfer,mopferan@google.com.hk,Female,69.131.99.106,Freelander,Keta,Ghana,,Senior Sales Associate,XL
385,Lanny,Sloss,lslossao@cnet.com,Female,145.212.206.164,Taurus,Polykárpi,Greece,,Administrative Assistant II,M
386,Patricia,Welden,pweldenap@dion.ne.jp,Female,33.162.80.34,Camry Hybrid,Guji,China,,VP Sales,XL
387,Silvester,Everist,severistaq@deviantart.com,Male,64.219.226.250,Range Rover,Rehoboth,Namibia,,Physical Therapy Assistant,XS
388,Jo ann,Buckoke,jbuckokear@example.com,Female,101.146.123.226,New Yorker,Genet,Ethiopia,,Occupational Therapist,2XL
389,Naomi,Benford,nbenfordas@usa.gov,Female,93.97.38.82,Neon,Kotuń,Poland,08-130,Clinical Specialist,M
390,Gabriellia,Wimbridge,gwimbridgeat@deviantart.com,Female,142.93.124.11,9-5,Fabianki,Poland,87-811,Human Resources Manager,M
391,Leonelle,Balducci,lbalducciau@vinaora.com,Female,109.153.234.129,Camaro,Dongshi,China,,Payment Adjustment Coordinator,XS
392,Jobi,Juris,jjurisav@themeforest.net,Female,149.104.180.215,GL-Class,Ponta da Garça,Portugal,9680-423,Analog Circuit Design manager,XS
393,Mirabel,Buer,mbueraw@google.com,Female,67.39.49.90,Escalade,Hailang,China,,Human Resources Assistant I,3XL
394,Micaela,Dowers,mdowersax@ehow.com,Female,159.97.167.239,Mazda6,Ponte,Portugal,4610-475,Physical Therapy Assistant,XS
395,Morley,Binton,mbintonay@printfriendly.com,Male,225.205.177.16,LeSabre,Zebrzydowice,Poland,43-410,Analyst Programmer,XS
396,Sharyl,Biss,sbissaz@tripod.com,Female,119.244.100.156,G5,Putrajaya,Malaysia,62576,Account Representative III,XS
397,Ginger,Swetmore,gswetmoreb0@umich.edu,Male,126.173.39.90,Yukon,Sundsvall,Sweden,851 06,Account Executive,L
398,Dillie,O'Regan,doreganb1@reverbnation.com,Male,21.179.47.171,Thunderbird,Budapest,Hungary,1181,Legal Assistant,S
399,Corbie,Turton,cturtonb2@elegantthemes.com,Male,50.61.145.75,Accent,Toluviejo,Colombia,707037,Graphic Designer,M
400,Brandise,Guys,bguysb3@biglobe.ne.jp,Genderqueer,113.56.245.170,944,Ccatca,Peru,,Database Administrator IV,3XL
401,Devi,Sharnock,dsharnockb4@eepurl.com,Female,179.8.204.36,Camaro,Kremenki,Russia,249185,Geologist III,3XL
402,Janessa,Childes,jchildesb5@ihg.com,Female,96.149.56.22,Land Cruiser,Alua,Philippines,3109,Nuclear Power Engineer,M
403,Billi,Alger,balgerb6@archive.org,Female,74.213.24.167,Camry,Penambangan,Indonesia,,Payment Adjustment Coordinator,XS
404,Jaymie,Birkin,jbirkinb7@naver.com,Male,81.84.142.32,F450,Mindyak,Russia,175320,Structural Engineer,M
405,Siward,Prater,spraterb8@xing.com,Male,212.169.108.196,Mirage,Kayan,Myanmar,,Budget/Accounting Analyst II,M
406,Hulda,Grayer,hgrayerb9@npr.org,Female,197.19.238.54,H1,Nogueira da Regedoura,Portugal,4500-695,Safety Technician III,XL
407,Wilton,Sweatman,wsweatmanba@sakura.ne.jp,Male,85.209.142.6,LeMans,Khāliş,Iraq,,Systems Administrator III,M
408,Amara,Eldershaw,aeldershawbb@china.com.cn,Female,78.162.94.110,XK Series,Cibangban Girang,Indonesia,,VP Quality Control,L
409,Marie-jeanne,Lambotin,mlambotinbc@liveinternet.ru,Female,214.234.244.115,Charger,Manaulanan,Philippines,2622,Research Nurse,2XL
410,Corry,Bricksey,cbrickseybd@bbc.co.uk,Female,241.202.63.1,M3,Boisbriand,Canada,J7G,Systems Administrator IV,M
411,Ashly,Shillington,ashillingtonbe@berkeley.edu,Female,144.201.114.58,Murciélago,Sidaohezi,China,,Media Manager I,S
412,Etan,Perree,eperreebf@bravesites.com,Male,111.168.29.232,Brat,Ailigandí,Panama,,Web Designer I,S
413,Madelaine,Forker,mforkerbg@acquirethisname.com,Female,42.149.185.207,Chariot,Aḑ Ḑil‘,Yemen,,Financial Advisor,XS
414,Lita,Faulconer,lfaulconerbh@blogtalkradio.com,Female,173.59.20.69,Grand Prix,Kandhkot,Pakistan,79160,VP Quality Control,L
415,Darlene,Stobie,dstobiebi@rakuten.co.jp,Female,178.27.78.102,X-90,Zouiat ech Cheïkh,Morocco,,Software Engineer I,3XL
416,Sanderson,Cadd,scaddbj@go.com,Male,132.153.253.122,XK Series,Fort Lauderdale,United States,33330,Marketing Assistant,S
417,Jamill,Matz,jmatzbk@geocities.com,Male,84.28.25.171,Quantum,Tottori,Japan,969-1783,Business Systems Development Analyst,L
418,Hartwell,Sneaker,hsneakerbl@accuweather.com,Male,133.6.141.68,Panamera,El Pardo,Philippines,6337,Legal Assistant,M
419,Noby,Haukey,nhaukeybm@tiny.cc,Male,194.225.144.243,Quattroporte,Xianglan,China,,Technical Writer,L
420,Gauthier,Antony,gantonybn@flavors.me,Male,98.231.2.190,400E,Austin,United States,78759,Health Coach II,3XL
421,Nial,Matheson,nmathesonbo@businesswire.com,Male,97.7.164.167,LHS,Sanlian,China,,VP Quality Control,XL
422,Alick,McLeese,amcleesebp@netlog.com,Male,93.183.140.39,Blazer,Samokov,Bulgaria,2000,Paralegal,3XL
423,Robert,Aiskrigg,raiskriggbq@miitbeian.gov.cn,Male,16.79.120.179,DTS,Soledade,Brazil,99300-000,Registered Nurse,XL
424,Krishna,Permain,kpermainbr@wikimedia.org,Male,16.251.12.252,G-Class,Besukrejo,Indonesia,,Software Test Engineer IV,L
425,Dorthy,Rossey,drosseybs@unicef.org,Female,108.161.197.132,Cooper,Stulovo,Russia,613648,Budget/Accounting Analyst IV,S
426,Ole,Ratledge,oratledgebt@so-net.ne.jp,Male,157.70.225.165,Pathfinder,Palon,Indonesia,,Legal Assistant,M
427,Ezequiel,Warnes,ewarnesbu@examiner.com,Male,215.56.155.81,Cabriolet,Všemina,Czech Republic,763 15,Structural Analysis Engineer,XS
428,Mercie,Floodgate,mfloodgatebv@economist.com,Bigender,77.25.97.65,Windstar,Bolembre,Portugal,2705-537,Staff Scientist,L
429,Noe,Duffil,nduffilbw@ask.com,Male,89.221.121.204,Vandura 1500,Baro Kunda,Gambia,,Programmer Analyst II,XS
430,Dorthy,Lawson,dlawsonbx@etsy.com,Female,253.1.127.133,CX-5,Wutongkou,China,,Pharmacist,M
431,Claudie,Ladell,cladellby@feedburner.com,Female,128.82.245.7,I,Duluth,United States,30096,Senior Quality Engineer,S
432,Lea,Laming,llamingbz@eventbrite.com,Female,254.24.160.91,Ram Van B350,Tarusan,Philippines,1151,Graphic Designer,M
433,Dave,Baumaier,dbaumaierc0@canalblog.com,Male,63.213.248.254,Bronco,Namioka,Japan,953-0062,Data Coordiator,S
434,Shirleen,Boustead,sbousteadc1@smugmug.com,Female,189.68.38.151,TT,Faratsiho,Madagascar,,Teacher,M
435,Feodor,De Moreno,fdemorenoc2@senate.gov,Male,216.112.123.111,Firebird,Saint Paul,United States,55188,Environmental Tech,S
436,Edan,Franzotto,efranzottoc3@wired.com,Male,137.149.157.15,Dakota,Montague,Canada,C0A,Assistant Professor,2XL
437,Tarah,Ravenscroftt,travenscrofttc4@i2i.jp,Female,226.67.73.57,GTI,Cibolek Kidul,Indonesia,,Data Coordiator,L
438,Araldo,Tovey,atoveyc5@bloglovin.com,Male,62.246.132.51,LHS,Qızılhacılı,Azerbaijan,,Product Engineer,2XL
439,Del,Stourton,dstourtonc6@mayoclinic.com,Female,11.231.255.139,Genesis Coupe,Xiadian,China,,Recruiting Manager,S
440,Lemmie,Hedon,lhedonc7@msu.edu,Male,41.249.56.69,Endeavor,Bajram Curri,Albania,,Web Developer IV,XS
441,Donella,Treadway,dtreadwayc8@bloglines.com,Female,150.196.42.108,944,Cangchang,China,,General Manager,XL
442,Benedick,Giovani,bgiovanic9@infoseek.co.jp,Male,1.198.164.162,DBS,Chengbei,China,,Design Engineer,M
443,Jacobo,Markie,jmarkieca@phpbb.com,Male,255.30.149.186,X5 M,Tzaneen,South Africa,0876,Associate Professor,XS
444,Ophelia,Beiderbeck,obeiderbeckcb@shareasale.com,Female,196.73.96.165,Metro,Xiangdian,China,,Recruiter,L
445,Zebadiah,Loreit,zloreitcc@people.com.cn,Polygender,92.97.123.114,Express 1500,San Lucas Tolimán,Guatemala,07013,Data Coordiator,XS
446,Chrissie,Anespie,canespiecd@so-net.ne.jp,Female,191.60.36.154,Continental GTC,San Francisco,Mexico,41600,Graphic Designer,XL
447,Athene,Smuth,asmuthce@abc.net.au,Polygender,56.81.165.239,Avenger,Kuala Lumpur,Malaysia,50609,Safety Technician II,M
448,Renato,Farren,rfarrencf@google.pl,Male,74.104.170.23,Civic,Santander,Spain,39005,Account Representative IV,XL
449,Caryl,Doull,cdoullcg@house.gov,Polygender,215.77.148.178,Metro,Dongdu,China,,Developer II,XL
450,Gearalt,Cheetam,gcheetamch@chronoengine.com,Male,115.209.44.136,Econoline E150,Nangka,Philippines,1808,Actuary,XL
451,Ninnette,Brizland,nbrizlandci@squarespace.com,Female,226.235.201.203,Malibu,Novyye Kuz’minki,Russia,352812,Software Test Engineer III,2XL
452,Hy,Rucklesse,hrucklessecj@squidoo.com,Male,112.50.251.119,Ram Van 2500,Koz’modem’yansk,Russia,425359,Media Manager II,XS
453,Glynis,Tingle,gtingleck@hc360.com,Female,234.234.73.212,MKT,Karpushikha,Russia,624155,GIS Technical Architect,3XL
454,Whitney,Fronek,wfronekcl@tripod.com,Female,164.121.62.41,Shadow,Nurota Shahri,Uzbekistan,,Senior Cost Accountant,2XL
455,Magda,Starrs,mstarrscm@com.com,Female,200.240.222.15,Titan,Västerås,Sweden,724 68,Electrical Engineer,M
456,Olag,Jarrel,ojarrelcn@nih.gov,Male,223.69.185.254,Hombre Space,Karang Tengah,Indonesia,,Registered Nurse,XL
457,Brenden,Ibanez,bibanezco@scientificamerican.com,Male,89.21.232.210,Yukon,Miyang,China,,Professor,M
458,Jonas,Colebourne,jcolebournecp@independent.co.uk,Male,79.179.193.253,Mazda6,Czechowice-Dziedzice,Poland,43-503,Editor,XL
459,Alfie,Johantges,ajohantgescq@mediafire.com,Male,108.120.197.19,GX,Trosa,Sweden,619 35,VP Product Management,XS
460,Skip,Sketcher,ssketchercr@microsoft.com,Male,166.211.114.147,Galant,Jihlava,Czech Republic,586 01,Staff Scientist,XS
461,Tab,Hosten,thostencs@rediff.com,Male,209.8.88.135,Monte Carlo,Jianghua,China,,Associate Professor,2XL
462,Odette,Devin,odevinct@nymag.com,Female,82.201.72.133,Mustang,Bangjun,China,,Speech Pathologist,S
463,Gustavo,Rove,grovecu@google.com.au,Male,11.93.3.206,SJ,Efkarpía,Greece,,Speech Pathologist,2XL
464,Calli,McCorkell,cmccorkellcv@shutterfly.com,Female,66.54.237.199,Rio,Kabasalan,Philippines,7005,Office Assistant IV,XS
465,Caryl,Son,csoncw@yahoo.com,Male,218.3.151.151,Precis,Nālūt,Libya,,Dental Hygienist,3XL
466,Maureen,Genty,mgentycx@yahoo.com,Female,147.209.7.159,Routan,‘Ābūd,Palestinian Territory,,Financial Analyst,XL
467,Beatriz,Eldershaw,beldershawcy@about.com,Female,231.75.90.140,SJ,Chadan,Russia,668110,Analog Circuit Design manager,M
468,Immanuel,Dutnell,idutnellcz@ucoz.ru,Male,8.140.103.237,SLR McLaren,Opatov,Czech Republic,675 28,Senior Developer,2XL
469,Ash,Applegarth,aapplegarthd0@slate.com,Male,124.135.143.121,Sienna,Quintãs,Portugal,3830-268,Business Systems Development Analyst,XL
470,Ode,Balderston,obalderstond1@addtoany.com,Male,120.54.12.184,Laser,Jajarkrajan,Indonesia,,Account Executive,2XL
471,Beltran,Vannikov,bvannikovd2@sciencedaily.com,Male,216.128.32.132,MX-5,Valejas,Portugal,2730-077,Accounting Assistant I,XS
472,Alphonso,Coule,acouled3@ezinearticles.com,Male,88.50.159.116,Eos,Kuching,Malaysia,93742,Automation Specialist I,2XL
473,Rosalinde,Elphee,relpheed4@tiny.cc,Female,202.23.220.167,Sedona,Ximafang,China,,Automation Specialist II,2XL
474,Gabrila,Wethered,gwetheredd5@reddit.com,Female,195.184.247.66,Grand Vitara,Fajões,Portugal,3700-660,Assistant Media Planner,M
475,Brenden,Kenen,bkenend6@cdbaby.com,Male,254.201.28.218,Skylark,Huilelot,Indonesia,,Senior Cost Accountant,S
476,Gaynor,Clemmen,gclemmend7@ibm.com,Female,161.186.2.121,Savana 1500,Itatinga,Brazil,18690-000,Safety Technician II,L
477,Franky,Aaronsohn,faaronsohnd8@guardian.co.uk,Female,220.207.100.247,MX-5,Louisville,United States,40205,Editor,L
478,Frank,Stripp,fstrippd9@about.me,Female,35.40.222.147,Axiom,Wangjiang,China,,Senior Editor,L
479,Enrica,Ellacott,eellacottda@cargocollective.com,Female,59.15.207.34,Sidekick,Lahat,Indonesia,,Analyst Programmer,2XL
480,Shayna,Munson,smunsondb@psu.edu,Bigender,81.24.12.109,Avenger,Sayapullo,Peru,,Human Resources Assistant IV,XL
481,Aubrey,Stables,astablesdc@buzzfeed.com,Female,95.98.29.93,Firebird,Marco de Canaveses,Portugal,4630-087,Media Manager II,3XL
482,Latrina,Fenelon,lfenelondd@devhub.com,Female,141.196.231.169,650,Kebonagung,Indonesia,,Media Manager IV,2XL
483,Quintilla,Asel,qaselde@google.co.jp,Female,110.156.87.5,XC70,Otan Aiyegbaju,Nigeria,,Marketing Manager,2XL
484,Oliviero,Vicar,ovicardf@squarespace.com,Male,212.193.18.137,B-Series,Daugai,Lithuania,64009,Paralegal,S
485,Bibbie,Georgeot,bgeorgeotdg@shinystat.com,Female,163.77.156.27,Taurus,Casal Novo,Portugal,2440-024,Design Engineer,L
486,Rubina,Kleine,rkleinedh@quantcast.com,Female,231.75.231.165,Mountaineer,Sélestat,France,67609 CEDEX,Electrical Engineer,3XL
487,Tremayne,Buessen,tbuessendi@sakura.ne.jp,Male,210.128.169.147,TT,Ekimchan,Russia,676581,Data Coordiator,2XL
488,Sergei,Janiak,sjaniakdj@howstuffworks.com,Male,144.166.56.47,Custom Cruiser,Finspång,Sweden,612 37,Librarian,3XL
489,Cesar,Banbrick,cbanbrickdk@skyrock.com,Male,75.31.39.141,Diamante,Machinga,Malawi,,Mechanical Systems Engineer,XS
490,Trudi,Hurlston,thurlstondl@webs.com,Genderfluid,26.131.64.239,Caravan,Irving,United States,75037,Software Consultant,3XL
491,Allistir,Rand,aranddm@wikispaces.com,Male,9.88.35.90,Tracer,Maninihon,Philippines,5510,Systems Administrator II,M
492,Bud,Dumphrey,bdumphreydn@wikispaces.com,Genderfluid,191.248.74.194,1 Series,Maracanaú,Brazil,61900-000,Geological Engineer,S
493,Stefanie,Ferron,sferrondo@ca.gov,Female,88.209.178.157,Pilot,Shuanglong,China,,Biostatistician I,2XL
494,Glyn,Rathmell,grathmelldp@freewebs.com,Female,30.168.124.45,911,Padangbatung,Indonesia,,Web Developer II,2XL
495,Robers,Klaessen,rklaessendq@artisteer.com,Male,171.32.225.124,Santa Fe,Mloko,Indonesia,,Actuary,3XL
496,Lisbeth,Karlsen,lkarlsendr@statcounter.com,Female,109.238.26.213,Maxima,Kamyshevka Vtoraya,Ukraine,,Senior Cost Accountant,XS
497,Walliw,Abramowitch,wabramowitchds@time.com,Female,218.132.113.48,Town Car,Xinpu,China,,VP Marketing,3XL
498,Cole,Bricknall,cbricknalldt@upenn.edu,Male,121.44.232.113,SC,Chacapalpa,Peru,,Statistician III,L
499,Waylen,Sictornes,wsictornesdu@prnewswire.com,Male,33.73.47.192,Passat,Alilem,Philippines,2716,Actuary,M
500,De witt,Yesenin,dyesenindv@xing.com,Male,221.73.91.89,Defender,Santa Cruz,Philippines,5105,VP Quality Control,3XL
