id,first_name,last_name,email,gender,ip_address,car_model,city,country,postalcode,jobtittle,shirt_size
1,Hurley,Eliyahu,heliyahu0@google.fr,Male,16.72.98.8,Grand Prix,Taivalkoski,Finland,93401,Internal Auditor,2XL
2,Rurik,Peppard,rpeppard1@naver.com,Male,68.116.33.213,Eclipse,Meadow Lake,Canada,S9X,Marketing Manager,S
3,Fran,Roder,froder2@berkeley.edu,Female,86.238.146.76,TL,Lakateng,Indonesia,,Office Assistant III,S
4,Andie,Horry,ahorry3@msu.edu,Female,13.135.165.45,SLX,Itaquyry,Paraguay,,Help Desk Operator,2XL
5,Rosetta,Tuny,rtuny4@bizjournals.com,Female,98.61.165.237,Rainier,Mongu,Zambia,,Registered Nurse,S
6,Odella,Willicott,owillicott5@tiny.cc,Female,250.66.66.188,X3,Panjir,Indonesia,,Internal Auditor,M
7,Allegra,Wanklyn,awanklyn6@symantec.com,Female,9.147.5.99,G-Class,Touama,Morocco,,Quality Engineer,S
8,Budd,Sanford,bsanford7@netscape.com,Male,80.76.74.49,Tundra,Moville,Ireland,F26,Marketing Manager,XS
9,Friederike,Lowndes,flowndes8@omniture.com,Female,191.10.113.3,Montero,Nagorsk,Russia,613261,Legal Assistant,S
10,Wilhelmina,Purdy,wpurdy9@google.com,Female,94.5.68.167,Mazdaspeed 3,Chojnice,Poland,89-620,Legal Assistant,XL
11,Shelden,Garrals,sgarralsa@mapquest.com,Male,45.244.40.236,Century,Francisco I Madero,Mexico,30853,Assistant Manager,XS
12,Dayna,Bloys,dbloysb@sina.com.cn,Female,155.56.89.232,SL-Class,Bukabu,Indonesia,,Engineer II,XS
13,Eadmund,Uttley,euttleyc@vistaprint.com,Male,149.122.112.93,928,Zangzhai,China,,Actuary,S
14,Katie,Keinrat,kkeinratd@flickr.com,Female,33.15.37.85,SLK55 AMG,Timon,Indonesia,,Project Manager,XS
15,Vincenty,Chippendale,vchippendalee@businessinsider.com,Male,86.58.0.210,Grand Marquis,Ševica,Serbia,,GIS Technical Architect,XS
16,Devin,Aylett,daylettf@economist.com,Male,115.224.97.243,Econoline E250,Ilek,Russia,461369,Database Administrator II,2XL
17,Lolly,Manginot,lmanginotg@home.pl,Female,200.175.69.205,GTI,Kasimov,Russia,391360,Mechanical Systems Engineer,2XL
18,Onofredo,Glenwright,oglenwrighth@gmpg.org,Polygender,47.116.96.98,H2 SUT,Tangquan,China,,Legal Assistant,L
19,Olly,Everson,oeversoni@sitemeter.com,Male,203.198.197.75,Camaro,Jinta,China,,Nurse,2XL
20,Jaymie,Aishford,jaishfordj@hud.gov,Male,166.114.74.211,3000GT,Likwatang Timur,Indonesia,,VP Marketing,3XL
21,Margarette,Klimochkin,mklimochkink@google.com,Female,11.95.2.65,Mustang,Pittsburgh,United States,15286,VP Sales,XL
22,Jessalyn,Spurway,jspurwayl@ucoz.com,Female,225.15.107.202,Savana 3500,Volodymyr-Volyns’kyy,Ukraine,,Human Resources Manager,3XL
23,Bearnard,Bawdon,bbawdonm@skype.com,Male,30.160.124.229,Outlander,Krajan Satu,Indonesia,,Human Resources Assistant III,3XL
24,Ursula,Eborall,ueboralln@youtube.com,Genderfluid,12.149.201.118,80,Ingenio,Peru,,Assistant Manager,2XL
25,Davida,D'Oyly,ddoylyo@dailymotion.com,Female,236.222.198.77,Cavalier,Vishnyeva,Belarus,,Sales Associate,L
26,Hedvige,McAleese,hmcaleesep@va.gov,Female,26.220.198.231,STS,Kayan Hulu,Indonesia,,Sales Associate,XL
27,Corina,Radford,cradfordq@hexun.com,Female,169.188.33.110,Explorer Sport Trac,Parung,Indonesia,,VP Accounting,XS
28,Gustavus,Macari,gmacarir@berkeley.edu,Male,44.255.112.193,Golf,Bayan Uula Sumu,Mongolia,,Mechanical Systems Engineer,XS
29,Cissy,Rowthorne,crowthornes@blog.com,Female,84.9.5.49,R-Class,Elekmonar,Russia,649234,Cost Accountant,XL
30,Yorgo,Elcome,yelcomet@wisc.edu,Male,105.119.64.248,XJ Series,Kalinovo,Russia,624127,Teacher,2XL
31,Nanny,Plant,nplantu@who.int,Female,110.140.221.168,Protege,Jeżów,Poland,95-047,Mechanical Systems Engineer,XS
32,Perkin,Tait,ptaitv@merriam-webster.com,Male,163.217.89.63,LS Hybrid,Kola,Russia,184389,Web Developer III,XL
33,Roxi,Pudding,rpuddingw@trellian.com,Female,178.96.45.69,Esprit,Andalucía,Colombia,763008,Electrical Engineer,3XL
34,Noel,Marvelley,nmarvelleyx@huffingtonpost.com,Female,52.11.113.108,D150,Yurimaguas,Peru,,Web Developer II,3XL
35,Wiatt,Meecher,wmeechery@jalbum.net,Male,144.128.65.75,Lumina,Zomba,Malawi,,Recruiter,3XL
36,Helen-elizabeth,Thaine,hthainez@yolasite.com,Female,76.229.152.32,F250,Amparafaravola,Madagascar,,Nurse Practicioner,2XL
37,Salim,Bogges,sbogges10@vk.com,Polygender,0.65.154.44,Riviera,Calauag,Philippines,4318,Quality Engineer,XL
38,Sol,Giorgi,sgiorgi11@merriam-webster.com,Male,149.190.248.242,Econoline E250,Aygek,Armenia,,Nurse,M
39,Rafa,Rozalski,rrozalski12@dot.gov,Female,218.121.101.253,Intrepid,Wushi,China,,Cost Accountant,3XL
40,Antin,Eam,aeam13@ihg.com,Male,217.245.123.168,MR2,Puning,China,,Nurse Practicioner,XS
41,Abram,Maydwell,amaydwell14@livejournal.com,Male,55.248.20.136,XL7,Nirji,China,,Senior Cost Accountant,L
42,Lotte,Mawby,lmawby15@naver.com,Bigender,36.163.125.208,Explorer Sport Trac,Bastia,France,20403 CEDEX,Web Designer III,L
43,Alisha,Kristof,akristof16@timesonline.co.uk,Female,36.81.148.88,Brat,Cuenca,Ecuador,,Research Nurse,M
44,Pietrek,MacCahee,pmaccahee17@liveinternet.ru,Male,110.190.15.5,Park Avenue,Zengjia,China,,Data Coordiator,XS
45,Arin,Casbon,acasbon18@is.gd,Male,124.5.57.235,CX-7,Bezenchuk,Russia,446254,Electrical Engineer,3XL
46,Horst,Hailey,hhailey19@geocities.jp,Male,166.119.185.156,Lucerne,Wanganui,New Zealand,4541,Software Test Engineer I,XS
47,Dacie,Nicholes,dnicholes1a@blogtalkradio.com,Female,246.144.38.245,Sonoma,Las Vegas,United States,89115,Professor,3XL
48,Kaile,Sorby,ksorby1b@sohu.com,Female,105.149.157.123,57,Columbus,United States,43210,Database Administrator II,L
49,Simone,Haysey,shaysey1c@issuu.com,Male,64.227.210.29,Space,Fusagasuga,Colombia,252219,Web Developer I,2XL
50,Jackquelin,Highman,jhighman1d@arstechnica.com,Female,215.194.130.227,Cougar,Xingquan,China,,Research Nurse,3XL
51,Domini,Wisdish,dwisdish1e@cdbaby.com,Female,91.123.54.252,T100,Chŏngju,North Korea,,General Manager,XS
52,Edita,Hazlegrove,ehazlegrove1f@qq.com,Female,96.4.244.100,Legacy,Kafr Takhārīm,Syria,,Clinical Specialist,L
53,Bonita,Hamblyn,bhamblyn1g@buzzfeed.com,Female,78.250.131.149,S-Series,Varāmīn,Iran,,Administrative Officer,2XL
54,Jud,Kemmer,jkemmer1h@prnewswire.com,Male,8.143.137.111,Malibu,Bzou,Morocco,,Help Desk Technician,XL
55,Edd,Danielou,edanielou1i@skyrock.com,Male,6.64.227.245,TrailBlazer,Caicó,Brazil,59300-000,Dental Hygienist,2XL
56,Falito,Glossup,fglossup1j@discuz.net,Genderqueer,11.68.99.38,C30,Pulo,Philippines,1706,Analyst Programmer,XS
57,Say,Kapelhof,skapelhof1k@eventbrite.com,Male,103.39.209.237,G-Class,Capim Grosso,Brazil,44695-000,Office Assistant III,XS
58,Jeremy,Rosberg,jrosberg1l@themeforest.net,Male,167.96.16.128,Savana 1500,Zunilito,Guatemala,10009,Recruiter,XS
59,Melly,Jillitt,mjillitt1m@taobao.com,Female,246.37.192.26,TSX,Pak Phanang,Thailand,80140,Staff Accountant II,XS
60,Philippe,Eskrigg,peskrigg1n@clickbank.net,Female,26.198.252.173,Sidekick,Villa Nueva,Guatemala,01064,Information Systems Manager,XS
61,Camey,Brogiotti,cbrogiotti1o@odnoklassniki.ru,Male,72.40.17.240,Passat,Bajingmeduro,Indonesia,,Actuary,S
62,Nikkie,Mecchi,nmecchi1p@facebook.com,Female,194.146.255.63,LR2,El Almendro,Nicaragua,,Human Resources Manager,S
63,Homere,Longina,hlongina1q@free.fr,Male,165.143.117.162,Sierra 2500,Houjiagang,China,,Sales Representative,M
64,Weider,Milham,wmilham1r@live.com,Male,247.97.217.206,Malibu,Vitali,Philippines,7028,Software Test Engineer III,S
65,Ibbie,Lowde,ilowde1s@apache.org,Female,13.122.183.175,Accent,Erdaojiang,China,,Administrative Assistant I,3XL
66,Nisse,Lanchberry,nlanchberry1t@odnoklassniki.ru,Female,237.107.97.108,Ram Van 1500,Yayao,China,,Biostatistician IV,2XL
67,Dennet,Casey,dcasey1u@stumbleupon.com,Male,225.214.65.49,Sorento,Pravdinsk,Russia,238402,Environmental Tech,2XL
68,Yorker,Blunderfield,yblunderfield1v@addthis.com,Male,193.64.162.213,Safari,Del Valle,Mexico,88980,Civil Engineer,S
69,Bernice,Almey,balmey1w@ebay.com,Female,10.190.36.255,330,Maastricht,Netherlands,6204,Marketing Manager,S
70,Dulcy,Langthorne,dlangthorne1x@ft.com,Female,101.10.4.33,Viper,Ōsaka-shi,Japan,661-0963,Software Test Engineer II,2XL
71,Arte,Wilman,awilman1y@tripadvisor.com,Genderqueer,44.232.44.13,Ram 1500 Club,Ryazanskiy,Russia,671834,Computer Systems Analyst III,L
72,Rayner,Drewitt,rdrewitt1z@github.com,Male,118.243.57.192,Silverado 1500,Balun,Indonesia,,Account Representative II,XL
73,Nels,Mouncher,nmouncher20@tamu.edu,Male,117.148.203.224,Mustang,Anchorage,United States,99522,Programmer Analyst II,3XL
74,Felita,Noell,fnoell21@ameblo.jp,Female,37.242.92.94,Celica,Ongandjera,Namibia,,Structural Engineer,XL
75,Farlay,Orrett,forrett22@hibu.com,Male,99.133.70.68,S-Type,Toyonaka,Japan,771-0217,Physical Therapy Assistant,XS
76,Lorelei,Mauchline,lmauchline23@psu.edu,Female,144.154.149.56,Grand Caravan,Dzüünharaa,Mongolia,,Tax Accountant,XL
77,Talbert,Wellum,twellum24@4shared.com,Male,3.30.104.163,Liberty,Valença do Douro,Portugal,5120-504,Geological Engineer,XL
78,Osborne,Glanister,oglanister25@simplemachines.org,Male,211.131.73.4,ES,Oum Hadjer,Chad,,Quality Engineer,XS
79,Gerhardt,Farrants,gfarrants26@aboutads.info,Male,139.39.83.200,Montero,Mawlamyinegyunn,Myanmar,,Accountant IV,2XL
80,Robinet,Schimek,rschimek27@webnode.com,Male,249.68.140.26,X5,Arvayheer,Mongolia,,Engineer I,XL
81,Livvie,Killcross,lkillcross28@reddit.com,Female,148.25.11.252,Corsica,Nova Viçosa,Brazil,45920-000,Geologist IV,XL
82,Fairlie,Gittis,fgittis29@deliciousdays.com,Male,10.161.81.147,S5,Pore,Colombia,852058,Pharmacist,XS
83,Emmalynne,Learman,elearman2a@google.es,Female,157.126.103.5,Pathfinder,Lalmanirhat,Bangladesh,5510,GIS Technical Architect,L
84,Minnnie,Collisson,mcollisson2b@bravesites.com,Female,202.103.64.117,VehiCROSS,Tsotsin-Yurt,Russia,368033,Senior Financial Analyst,XS
85,Mata,Hampton,mhampton2c@rediff.com,Male,159.235.208.208,Suburban 2500,Dniprodzerzhyns’k,Ukraine,,Help Desk Technician,S
86,Dennie,Camlin,dcamlin2d@altervista.org,Female,122.14.171.134,240SX,Ponta Grossa,Brazil,84000-000,Structural Analysis Engineer,L
87,Shamus,Frye,sfrye2e@imgur.com,Male,34.9.249.28,Phantom,Pashiya,Russia,618824,Senior Quality Engineer,XS
88,Randie,Dearle-Palser,rdearlepalser2f@dion.ne.jp,Male,80.181.150.198,Continental,Malindi,Kenya,,Marketing Manager,XS
89,Calypso,Dall,cdall2g@ning.com,Female,51.226.123.223,Aztek,Uitiuhtuan,Indonesia,,Desktop Support Technician,XL
90,Roana,Pound,rpound2h@cam.ac.uk,Female,135.21.126.246,G,Aoshi,China,,VP Marketing,XL
91,Vincenty,Turfs,vturfs2i@blogspot.com,Genderqueer,54.50.157.65,Tiguan,Avanca,Portugal,3860-042,Senior Quality Engineer,3XL
92,Rinaldo,Newlyn,rnewlyn2j@elpais.com,Male,103.157.163.8,Acadia,Jawatiwa,Indonesia,,Analyst Programmer,XS
93,Abbot,Pettegree,apettegree2k@cocolog-nifty.com,Male,245.105.243.211,Dakota,Tangwāni,Pakistan,79151,Administrative Assistant II,S
94,Brice,Preto,bpreto2l@aol.com,Male,24.98.10.81,Taurus,Tokombere,Nigeria,,Civil Engineer,M
95,Nye,Lafford,nlafford2m@nhs.uk,Male,157.80.40.227,LR4,Pirojpur,Bangladesh,1811,Actuary,S
96,Kiah,Camber,kcamber2n@independent.co.uk,Female,198.78.224.157,Regal,Orléans,France,45004 CEDEX 1,Staff Accountant III,XL
97,Marice,Gooderson,mgooderson2o@mail.ru,Agender,246.28.53.169,Neon,São Tomé,Sao Tome and Principe,,Marketing Assistant,XL
98,Caroljean,Brommage,cbrommage2p@php.net,Female,85.41.25.214,Truck Xtracab SR5,Tumba,Sweden,147 42,Marketing Manager,3XL
99,Abba,Dulinty,adulinty2q@multiply.com,Male,14.134.130.198,Galant,Banī Zayd,Palestinian Territory,,Financial Advisor,M
100,Johnny,Pardey,jpardey2r@disqus.com,Male,149.148.192.173,Golf,Chiang Yuen,Thailand,44160,Systems Administrator II,3XL
101,Mendy,Hinemoor,mhinemoor2s@typepad.com,Male,249.220.34.181,Voyager,Morez,France,39409 CEDEX,Engineer IV,XS
102,Rosetta,Steuhlmeyer,rsteuhlmeyer2t@weibo.com,Female,156.160.27.194,B-Series,Na Klang,Thailand,39170,Editor,M
103,Teresita,Banke,tbanke2u@w3.org,Genderfluid,192.137.46.28,9000,Kenitra,Morocco,,Account Representative III,XS
104,Calvin,Block,cblock2v@amazonaws.com,Male,224.115.160.37,XK,Głubczyce,Poland,48-100,Assistant Manager,XL
105,Federico,Bromige,fbromige2w@washington.edu,Male,228.184.2.177,Range Rover Sport,Aţ Ţīrah,Palestinian Territory,,Geologist II,S
106,Codi,McSkeagan,cmcskeagan2x@miitbeian.gov.cn,Male,135.199.61.28,Challenger,Kāshmar,Iran,,Legal Assistant,XL
107,Vern,Blesli,vblesli2y@meetup.com,Male,68.25.157.255,A8,Kalmar,Sweden,392 47,VP Product Management,3XL
108,Vale,Duggleby,vduggleby2z@wikimedia.org,Female,139.250.123.108,Esperante,Gachalá,Colombia,251257,VP Quality Control,XS
109,Janessa,Rubert,jrubert30@craigslist.org,Bigender,156.247.172.140,Familia,Ryazan’,Russia,390507,Media Manager I,2XL
110,Dagny,Ottey,dottey31@aol.com,Male,204.246.139.17,Sedona,Los Angeles,Mexico,81426,Engineer I,M
111,Rowen,Tuckwell,rtuckwell32@github.com,Male,60.76.101.42,350Z,Pont-Rouge,Canada,G3H,Senior Cost Accountant,M
112,Jacynth,Errol,jerrol33@ibm.com,Female,158.3.186.9,Maxima,Zhongshan Donglu,China,,Marketing Assistant,2XL
113,Pru,Grigorio,pgrigorio34@bandcamp.com,Female,221.57.27.189,Explorer Sport,Chengnan,China,,Developer III,M
114,Colas,Barbe,cbarbe35@tamu.edu,Genderfluid,62.173.192.54,M,Podgorica,Montenegro,,Sales Associate,M
115,Deirdre,Trassler,dtrassler36@tmall.com,Female,47.200.139.117,Q,Jinli,China,,Technical Writer,XL
116,Yasmin,Leverage,yleverage37@cdbaby.com,Female,186.140.14.129,R-Class,Wangdun,China,,Senior Quality Engineer,3XL
117,Hayward,Flegg,hflegg38@1und1.de,Male,80.40.186.23,Passport,Kungsör,Sweden,736 34,Nurse,M
118,Riane,Earengey,rearengey39@indiatimes.com,Female,13.188.10.231,7 Series,Mishixiang,China,,Programmer Analyst II,XL
119,Yasmeen,Kolin,ykolin3a@barnesandnoble.com,Female,47.11.15.61,SLK-Class,Bouabout,Morocco,,Associate Professor,L
120,Willis,Gerardin,wgerardin3b@ustream.tv,Male,177.48.253.26,Silverado,Meixi,China,,Account Coordinator,M
121,Susie,Rault,srault3c@nasa.gov,Female,240.141.176.26,3000GT,Beni Khiar,Tunisia,,Chief Design Engineer,M
122,Konrad,Fitzgerald,kfitzgerald3d@bizjournals.com,Bigender,72.236.111.175,QX56,Dubrovka,Russia,242750,Biostatistician I,S
123,Jon,Heisman,jheisman3e@answers.com,Male,241.229.96.23,Econoline E150,Zhaigang,China,,Media Manager II,S
124,Derwin,Whyte,dwhyte3f@china.com.cn,Male,231.242.232.92,Catera,Pandansari,Indonesia,,Project Manager,L
125,Lorrie,Paoli,lpaoli3g@flavors.me,Male,212.149.121.102,Dakota Club,Pingba,China,,Software Test Engineer III,S
126,Letizia,Stacy,lstacy3h@bandcamp.com,Female,202.251.89.1,Civic,Göteborg,Sweden,411 31,Quality Control Specialist,S
127,Auberon,Lambarton,alambarton3i@about.com,Male,245.185.210.32,Camaro,Yanghong,China,,Desktop Support Technician,M
128,Sherye,Morfell,smorfell3j@webnode.com,Female,1.255.192.135,Cayman,Oborniki Śląskie,Poland,55-120,Accounting Assistant II,XL
129,Constantino,Milch,cmilch3k@hexun.com,Male,179.138.170.182,Escalade EXT,Nansheng,China,,Professor,3XL
130,Arturo,Clows,aclows3l@instagram.com,Male,228.254.36.34,GS,Sernancelhe,Portugal,3640-213,Help Desk Operator,XS
131,Diarmid,Paireman,dpaireman3m@skyrock.com,Male,199.204.128.20,Elantra,Pouso Alegre,Brazil,37550-000,Financial Advisor,2XL
132,Cullan,Webb,cwebb3n@slate.com,Male,26.79.188.107,C-Class,La Laja,Chile,,Account Executive,XL
133,Dalston,Fleckno,dfleckno3o@irs.gov,Male,240.139.216.136,Sable,Zalesnoye,Ukraine,,Paralegal,S
134,Gwyneth,Giraldon,ggiraldon3p@cbc.ca,Bigender,231.232.138.105,S-Class,Nangkapayung,Indonesia,,Clinical Specialist,XL
135,Sandie,Snowling,ssnowling3q@google.it,Female,134.207.56.144,RAV4,Baicun,China,,Graphic Designer,M
136,Loretta,Rives,lrives3r@smh.com.au,Female,122.34.255.148,Bonneville,Paynjuwayn,Iraq,,Payment Adjustment Coordinator,S
137,Kore,Catterson,kcatterson3s@apple.com,Female,45.153.187.249,G8,Hezuoqiao,China,,Dental Hygienist,XL
138,Adler,Pilcher,apilcher3t@paginegialle.it,Male,113.17.86.88,M6,Linshe,China,,Geological Engineer,L
139,Michell,Redihough,mredihough3u@apache.org,Female,208.229.41.221,Land Cruiser,Santo Tomé,Argentina,5719,Senior Developer,3XL
140,Finn,Kermeen,fkermeen3v@stanford.edu,Male,242.203.208.83,Expedition,Bankaw,Philippines,1211,Programmer I,XL
141,Katerine,Bosch,kbosch3w@twitpic.com,Female,53.185.199.53,Ram 2500 Club,Athlone,Ireland,N37,Software Consultant,S
142,Sophie,Broadberry,sbroadberry3x@scribd.com,Female,64.134.180.187,Bonneville,Palmira,Colombia,763547,Speech Pathologist,XS
143,Floris,Hiers,fhiers3y@flavors.me,Female,220.142.244.60,Sebring,Rancasadang,Indonesia,,Office Assistant III,XS
144,Mahmoud,Wilton,mwilton3z@webs.com,Male,224.87.232.90,Celica,Jacura,Venezuela,,Media Manager III,XL
145,Kennith,Hedaux,khedaux40@nba.com,Male,32.69.22.27,FX,Buriti Bravo,Brazil,65685-000,Graphic Designer,M
146,Marty,Geraldini,mgeraldini41@constantcontact.com,Male,181.79.104.222,6 Series,Huaihua,China,,Community Outreach Specialist,XL
147,Charmane,Carnachen,ccarnachen42@geocities.jp,Female,235.121.156.165,300SD,Bukovany,Czech Republic,772 00,Speech Pathologist,2XL
148,Devina,Bricknall,dbricknall43@sina.com.cn,Female,235.141.195.177,Camry,Killumney,Ireland,D06,Account Coordinator,M
149,Penelopa,Tomovic,ptomovic44@youku.com,Female,91.239.0.239,Five Hundred,Hitura,Nepal,,Software Engineer IV,XS
150,Cull,Danilishin,cdanilishin45@cnbc.com,Male,160.223.205.123,S10,Pejibaye,Costa Rica,11907,Pharmacist,S
151,Jermain,Scotchforth,jscotchforth46@behance.net,Male,7.2.92.65,CR-X,Tengjia,China,,Administrative Assistant II,M
152,Reeva,Pett,rpett47@ucoz.ru,Female,52.40.83.118,Canyon,Nyzhnya Krynka,Ukraine,,GIS Technical Architect,XS
153,Marve,Curless,mcurless48@google.it,Polygender,118.108.241.64,Sentra,Västerås,Sweden,721 00,Paralegal,XL
154,Katie,Chatelet,kchatelet49@netscape.com,Female,186.65.141.171,Sentra,Đưc Trọng,Vietnam,,Junior Executive,XS
155,Arleyne,Millichip,amillichip4a@about.com,Female,9.62.160.122,900,Azurva,Portugal,3800-745,Account Representative III,3XL
156,Jennette,Iacovozzo,jiacovozzo4b@edublogs.org,Female,132.240.118.156,Pilot,Ino,Japan,911-0812,Marketing Manager,2XL
157,Iver,Chicotti,ichicotti4c@cbsnews.com,Male,207.161.201.65,LaCrosse,Dazhou,China,,Office Assistant IV,XS
158,Suzette,Chennells,schennells4d@netlog.com,Polygender,206.220.214.5,Corvette,Jiawu,China,,Human Resources Manager,XS
159,Corey,Esel,cesel4e@free.fr,Female,249.14.124.235,Quest,Yunlu,China,,Software Test Engineer III,3XL
160,Codi,Ryce,cryce4f@yahoo.co.jp,Male,113.119.199.57,Miata MX-5,Būrabay,Kazakhstan,,Chemical Engineer,XL
161,Hephzibah,Derx,hderx4g@uol.com.br,Female,240.174.247.30,Diablo,Huji,China,,Analyst Programmer,L
162,Lay,Cunrado,lcunrado4h@epa.gov,Male,62.106.122.214,Charger,Matola,Mozambique,,Software Test Engineer IV,2XL
163,Gus,Kaesmans,gkaesmans4i@jimdo.com,Female,190.94.106.100,Tacoma,Aleysk,Russia,658138,Director of Sales,XL
164,Dwight,Castles,dcastles4j@disqus.com,Male,29.61.224.240,Outback,Woshui,China,,Automation Specialist III,XL
165,Laina,Papen,lpapen4k@xinhuanet.com,Female,2.159.149.94,530,Mempawah,Indonesia,,Computer Systems Analyst I,S
166,Norrie,Featherstone,nfeatherstone4l@issuu.com,Male,234.100.104.36,Lumina,Morris,Canada,H8P,Recruiter,M
167,Cyndy,Rosenkranc,crosenkranc4m@ox.ac.uk,Female,171.130.104.151,Ram Van 3500,Garibaldi,Brazil,95720-000,Sales Representative,XS
168,Merola,Romer,mromer4n@typepad.com,Female,141.50.230.168,Thunderbird,Yong’an,China,,Operator,2XL
169,Belicia,Edwinson,bedwinson4o@alexa.com,Female,137.63.67.49,525,Monaghan,Ireland,H18,Recruiting Manager,XS
170,Cecilio,Buzin,cbuzin4p@intel.com,Male,59.34.119.239,Diablo,Purworejo,Indonesia,,Graphic Designer,2XL
171,Tobin,Mounfield,tmounfield4q@stanford.edu,Male,166.244.57.245,Tundra,Stockholm,Sweden,106 65,Senior Editor,3XL
172,Giraud,Harcarse,gharcarse4r@vinaora.com,Male,140.110.1.46,Endeavor,Collingwood,Canada,L9Y,Analog Circuit Design manager,S
173,Massimo,Byart,mbyart4s@nbcnews.com,Male,115.253.147.236,Neon,Caridad,Philippines,1607,Account Coordinator,M
174,Hedwig,Cashman,hcashman4t@google.es,Female,95.100.114.226,Regal,Oele,Indonesia,,Office Assistant I,S
175,Tracey,Squire,tsquire4u@msu.edu,Male,77.33.143.23,300E,Visaginas,Lithuania,31007,Quality Control Specialist,3XL
176,Clemmy,Feldfisher,cfeldfisher4v@cbc.ca,Genderfluid,91.49.64.114,Durango,Donglu,China,,Database Administrator III,XL
177,Jonathan,Glinde,jglinde4w@slideshare.net,Male,168.37.11.167,9-3,Gaotan,China,,Administrative Officer,XS
178,Ryun,Stradling,rstradling4x@cyberchimps.com,Male,4.36.218.205,Voyager,Panglanjan,Indonesia,,Accountant III,L
179,Burke,Rawsen,brawsen4y@msn.com,Male,51.42.29.171,Element,Semampir,Indonesia,,Recruiting Manager,XL
180,Evey,Hubbold,ehubbold4z@state.tx.us,Female,57.135.166.30,Express 2500,Saqqez,Iran,,Recruiting Manager,S
181,Rudie,Tullot,rtullot50@go.com,Male,81.105.173.181,Savana 3500,Pegongan,Indonesia,,Developer III,S
182,Julian,Bosward,jbosward51@last.fm,Male,181.254.41.106,New Beetle,Rio de Moinhos,Portugal,7150-366,Assistant Manager,XS
183,Natal,Brevitt,nbrevitt52@statcounter.com,Male,88.32.15.172,Astra,Trakai,Lithuania,21001,Help Desk Technician,2XL
184,Rhianna,Emberton,remberton53@macromedia.com,Female,17.71.146.163,Explorer,General San Martín,Argentina,1702,Information Systems Manager,XL
185,Michel,Downing,mdowning54@cafepress.com,Male,166.222.19.17,Suburban 2500,Francisco I Madero,Mexico,87395,Professor,3XL
186,Bailie,Farfull,bfarfull55@bloglovin.com,Male,104.153.79.61,Veloster,Duogongma,China,,Occupational Therapist,XL
187,Yves,Perch,yperch56@lycos.com,Male,178.192.197.58,Legacy,Chernomorskiy,Russia,353265,Payment Adjustment Coordinator,XL
188,Valentia,Waterfall,vwaterfall57@joomla.org,Female,151.90.167.161,Altima,Jinping,China,,Geologist I,S
189,Pepita,Joliffe,pjoliffe58@mapy.cz,Female,79.90.151.172,Phaeton,Lišov,Czech Republic,373 72,Statistician I,2XL
190,Christy,Boothroyd,cboothroyd59@reddit.com,Male,17.28.97.211,X6 M,Liudu,China,,Human Resources Assistant III,3XL
191,Patric,Nevison,pnevison5a@wunderground.com,Male,185.66.25.68,Escalade ESV,Guotan,China,,Payment Adjustment Coordinator,XL
192,Ahmed,Fairrie,afairrie5b@sohu.com,Male,179.127.90.73,626,Krasnyye Chetai,Russia,429052,Physical Therapy Assistant,2XL
193,Orelle,Hawkins,ohawkins5c@comsenz.com,Female,215.207.131.184,Corvette,Funaishikawa,Japan,319-1111,VP Quality Control,S
194,Mathian,Stampfer,mstampfer5d@51.la,Male,101.21.172.190,S-Class,Xinsheng,China,,Executive Secretary,3XL
195,Zack,Ewbanke,zewbanke5e@bravesites.com,Male,244.127.202.1,Sedona,Kairouan,Tunisia,,Computer Systems Analyst IV,L
196,Stephi,Chrisp,schrisp5f@infoseek.co.jp,Female,170.181.181.224,Rally Wagon 1500,Oltintopkan,Tajikistan,,VP Accounting,XS
197,Brent,Ox,box5g@webnode.com,Male,33.101.42.65,Montero Sport,Hazlov,Czech Republic,350 02,Assistant Professor,XS
198,Jeff,Mochan,jmochan5h@google.es,Male,158.160.249.78,FX,Polje,Bosnia and Herzegovina,,Computer Systems Analyst IV,XS
199,Baxter,Knights,bknights5i@illinois.edu,Agender,149.174.21.171,Fusion,Yanqul,Oman,,Senior Financial Analyst,L
200,Dilly,Hurne,dhurne5j@examiner.com,Male,52.14.72.237,Firefly,Krajansumbermujur,Indonesia,,Statistician III,3XL
201,Pincas,Raleston,praleston5k@imdb.com,Male,135.110.102.5,NV3500,Nandasmo,Nicaragua,,VP Accounting,3XL
202,Felicdad,Trowsdale,ftrowsdale5l@mlb.com,Female,40.78.44.247,Century,Staryy Urukh,Russia,361366,Product Engineer,XS
203,Libbey,Wetherill,lwetherill5m@nps.gov,Non-binary,86.90.207.225,Milan,Kedungsumurkrajan,Indonesia,,Help Desk Technician,XS
204,Thomasine,Hayfield,thayfield5n@bandcamp.com,Female,128.20.102.178,Clubman,Szlachta,Poland,83-243,Actuary,XL
205,Petra,Alelsandrowicz,palelsandrowicz5o@businesswire.com,Agender,122.100.140.12,Galant,Rogongon,Philippines,3124,Assistant Manager,M
206,Kali,Alvarado,kalvarado5p@eventbrite.com,Female,233.52.21.52,8 Series,Rumat Heib,Israel,,Occupational Therapist,L
207,Shadow,Ketts,sketts5q@elpais.com,Male,219.125.17.161,Familia,Hatton,United Kingdom,CV35,Statistician II,XL
208,Fredrick,Webbe,fwebbe5r@booking.com,Male,104.86.147.124,Viper,Boju,Nigeria,,Payment Adjustment Coordinator,XL
209,Cordelie,Laville,claville5s@spotify.com,Female,3.227.78.203,SRX,Cerrito,Paraguay,,Desktop Support Technician,XS
210,Sky,Tonn,stonn5t@google.de,Male,152.212.203.179,Aerostar,Seboruco,Venezuela,,Engineer III,XS
211,Kristin,Lemonnier,klemonnier5u@yahoo.co.jp,Female,236.99.38.244,Envoy,Qiqin,China,,Teacher,XS
212,Arlena,Steart,asteart5v@earthlink.net,Female,93.224.161.210,Prizm,Fatumnasi,Indonesia,,Assistant Media Planner,XS
213,Rozelle,Sapir,rsapir5w@dot.gov,Female,128.98.112.185,CLS-Class,Jingping,China,,Environmental Tech,XS
214,Raimundo,Frankland,rfrankland5x@springer.com,Male,115.32.178.75,Safari,Piedrancha,Colombia,525069,Operator,M
215,Avivah,Rosenwasser,arosenwasser5y@blogs.com,Female,107.11.131.215,Astro,Chibuto,Mozambique,,Administrative Officer,XL
216,Caressa,Gaukroger,cgaukroger5z@narod.ru,Female,159.2.181.64,Ram Van 2500,Le Pontet,France,84964 CEDEX,Media Manager IV,XS
217,Maggy,Dodgshun,mdodgshun60@miitbeian.gov.cn,Female,172.227.98.79,Cruze,Johanneshov,Sweden,121 36,Legal Assistant,2XL
218,Iosep,Farrimond,ifarrimond61@printfriendly.com,Male,243.182.24.103,8 Series,Ochota,Poland,05-090,Nurse Practicioner,XS
219,Fey,Vigours,fvigours62@homestead.com,Female,23.132.54.220,Windstar,Niyang,China,,Professor,L
220,Wilton,Dishman,wdishman63@photobucket.com,Male,75.87.48.202,M3,Nyuksenitsa,Russia,161396,Recruiting Manager,S
221,Rodolph,Gaunt,rgaunt64@hao123.com,Male,226.213.134.221,NX,Huangzhawan,China,,Project Manager,XL
222,Gregorius,Michurin,gmichurin65@csmonitor.com,Male,92.154.237.137,Corvette,Hirosaki,Japan,861-2236,Administrative Assistant I,XS
223,Lorrie,Croson,lcroson66@joomla.org,Male,13.39.52.168,Accord Crosstour,Gresik,Indonesia,,Legal Assistant,XL
224,Malory,Lanning,mlanning67@reuters.com,Female,58.35.247.189,Ram,Honglu,China,,Information Systems Manager,3XL
225,Lianna,Gilhooley,lgilhooley68@dailymail.co.uk,Female,88.32.158.180,Sentra,Dobřív,Czech Republic,338 44,Database Administrator II,2XL
226,Melly,Bartot,mbartot69@bbc.co.uk,Genderfluid,180.196.7.230,Dakota,Tauca,Peru,,Cost Accountant,3XL
227,Felipe,Rustadge,frustadge6a@yellowbook.com,Male,216.93.27.248,Grand Vitara,Yanahuaya,Peru,,Actuary,M
228,Delmore,Gunby,dgunby6b@home.pl,Agender,5.254.193.200,Range Rover,Makato,Philippines,5611,Analyst Programmer,3XL
229,Atalanta,Amies,aamies6c@samsung.com,Female,241.142.55.245,MPV,Mokolo,Cameroon,,Budget/Accounting Analyst II,L
230,Oates,Duchateau,oduchateau6d@wix.com,Male,200.15.189.57,S10 Blazer,Plérin,France,22194 CEDEX,Physical Therapy Assistant,L
231,Robina,Yarnley,ryarnley6e@biglobe.ne.jp,Female,119.178.74.93,PT Cruiser,Tullyallen,Ireland,E25,Payment Adjustment Coordinator,L
232,Heall,Roadnight,hroadnight6f@uol.com.br,Male,249.8.217.68,Panamera,Onsala,Sweden,439 37,Structural Analysis Engineer,XL
233,Charlotte,Gleadle,cgleadle6g@linkedin.com,Female,236.62.103.55,TL,La Coipa,Peru,,Analyst Programmer,S
234,Decca,Lethebridge,dlethebridge6h@tumblr.com,Male,218.0.109.57,80,Mosteiros,Portugal,7340-214,Analog Circuit Design manager,3XL
235,Maxy,Yakovlev,myakovlev6i@joomla.org,Male,205.22.178.239,Econoline E250,Farasān,Saudi Arabia,,Junior Executive,XL
236,Colby,Scherer,cscherer6j@earthlink.net,Male,42.251.18.181,B-Series Plus,Taitung City,Taiwan,,Analog Circuit Design manager,3XL
237,Howard,Stocks,hstocks6k@cloudflare.com,Genderfluid,111.64.29.243,Camry,Zwierzyń,Poland,66-542,Physical Therapy Assistant,L
238,Wylie,Dallosso,wdallosso6l@eepurl.com,Male,64.39.53.153,TT,Gasri,Indonesia,,Payment Adjustment Coordinator,XS
239,Der,O'Sirin,dosirin6m@cloudflare.com,Male,250.172.67.6,Breeze,Londrina,Brazil,86000-000,Help Desk Technician,XS
240,Jarrid,Mercer,jmercer6n@usnews.com,Male,98.184.252.114,SRX,Khoa,Laos,,Account Executive,2XL
241,Huey,Spurriar,hspurriar6o@slate.com,Male,34.200.165.42,Clubman,Dujuuma,Somalia,,Sales Representative,M
242,Thorin,Tatam,ttatam6p@techcrunch.com,Male,176.31.75.139,Expo LRV,Podu,China,,Financial Analyst,S
243,Ailee,Rapper,arapper6q@google.de,Female,17.188.65.128,Century,Lashio,Myanmar,,Financial Analyst,L
244,Kaylil,Canada,kcanada6r@about.me,Female,91.235.165.129,4Runner,Tielong,China,,VP Accounting,M
245,Eryn,Ingilson,eingilson6s@mtv.com,Female,242.75.179.78,Flex,Warungbuah,Indonesia,,Developer IV,2XL
246,Tomasine,Kirvin,tkirvin6t@soup.io,Female,38.201.11.241,F-Series Super Duty,Néos Mylótopos,Greece,,Nuclear Power Engineer,2XL
247,Ive,Barukh,ibarukh6u@sohu.com,Male,61.83.162.87,S80,Åmål,Sweden,662 33,Technical Writer,S
248,Adriane,Dreini,adreini6v@wp.com,Female,215.245.199.21,Mazdaspeed 3,San Rafael,Mexico,41640,Tax Accountant,M
249,Aggi,Vasiliu,avasiliu6w@theglobeandmail.com,Female,39.243.136.163,Rodeo,Fort Worth,United States,76110,Statistician II,XL
250,Jerrold,Potter,jpotter6x@artisteer.com,Male,71.115.104.219,Rally Wagon 3500,Strogino,Russia,669469,Human Resources Assistant II,L
251,Tiffani,Franke,tfranke6y@hc360.com,Female,213.236.61.68,LS,Pangkalan,Indonesia,,Database Administrator I,S
252,Mirabel,Quartly,mquartly6z@prnewswire.com,Female,209.107.198.43,Xtra,Bacnar,Philippines,7010,Research Nurse,XL
253,Rosene,Geggie,rgeggie70@irs.gov,Female,127.79.132.159,Sportage,Kampungmasjid,Indonesia,,Teacher,3XL
254,Tiphany,Duchatel,tduchatel71@indiatimes.com,Female,110.15.185.104,Canyon,Oni,Indonesia,,Senior Quality Engineer,M
255,Sheena,Croal,scroal72@cafepress.com,Female,216.114.43.189,Esteem,Langgen,Indonesia,,Community Outreach Specialist,S
256,Waite,Tummasutti,wtummasutti73@webeden.co.uk,Male,3.135.181.136,Forester,Qizhen,China,,Dental Hygienist,XL
257,Sue,Johl,sjohl74@si.edu,Female,64.96.135.61,Versa,Stradbally,Ireland,Y34,Speech Pathologist,XL
258,Moreen,Jillitt,mjillitt75@list-manage.com,Female,109.70.239.84,Savana 2500,Cavadas,Portugal,3070-063,Senior Editor,M
259,Romola,Pigden,rpigden76@constantcontact.com,Female,126.177.244.76,Solara,Sedati,Indonesia,,Nurse,XL
260,Nikolaus,Bawme,nbawme77@amazon.com,Male,60.63.174.10,Intrigue,Xinxing,China,,Administrative Assistant I,XS
261,Drusi,Mustill,dmustill78@meetup.com,Female,106.95.192.52,V70,Kertamukti,Indonesia,,Research Nurse,XS
262,Eimile,Spawton,espawton79@kickstarter.com,Female,187.140.250.55,Titan,Shajing,China,,Chemical Engineer,2XL
263,Page,Lathleiffure,plathleiffure7a@nasa.gov,Male,136.14.172.14,GTO,Gambaru,Nigeria,,Software Consultant,S
264,Diane,Gladwell,dgladwell7b@barnesandnoble.com,Female,231.45.61.146,1500,Ad Dawḩah,Palestinian Territory,,Assistant Manager,S
265,Yvon,Garlic,ygarlic7c@nhs.uk,Male,226.101.74.143,Town Car,Khuma,China,,Editor,3XL
266,Kingston,Charnock,kcharnock7d@fda.gov,Male,106.131.182.241,Corolla,Río Hondo,Guatemala,19003,Analog Circuit Design manager,3XL
267,Norrie,Wortley,nwortley7e@earthlink.net,Male,32.171.148.212,Altima,Kagal’nitskaya,Russia,403538,General Manager,3XL
268,Cindelyn,Parlot,cparlot7f@shareasale.com,Female,76.78.205.221,Prius Plug-in,Kuhmalahti,Finland,36810,Accountant III,XL
269,Ogden,Sherland,osherland7g@taobao.com,Male,10.103.232.127,Focus,Matão,Brazil,15990-000,Nuclear Power Engineer,XL
270,Odey,Alyonov,oalyonov7h@macromedia.com,Male,160.215.176.46,Thunderbird,Banamba,Mali,,Safety Technician I,M
271,Cristin,Pittway,cpittway7i@bigcartel.com,Female,239.112.13.233,Accord,Chengnan,China,,Legal Assistant,3XL
272,Joete,Daymond,jdaymond7j@youku.com,Female,56.56.80.128,Tribute,Majin,China,,Software Engineer I,L
273,Edgardo,Annion,eannion7k@alibaba.com,Male,81.125.205.185,Montero Sport,Iniö,Finland,23390,Junior Executive,3XL
274,Obed,Llewelly,ollewelly7l@desdev.cn,Male,222.211.85.136,Protege,Waśniów,Poland,27-425,Nurse Practicioner,2XL
275,Spencer,Wormell,swormell7m@1688.com,Male,17.62.148.241,Mirage,Sritanjung,Indonesia,,Quality Control Specialist,S
276,Washington,MacCauley,wmaccauley7n@imdb.com,Male,249.213.139.75,TundraMax,Tiadiaye,Senegal,,Electrical Engineer,L
277,Maddie,Adamczewski,madamczewski7o@com.com,Male,203.6.71.36,Q,Shuangjiang,China,,Programmer II,XS
278,Vasilis,Buzzing,vbuzzing7p@amazonaws.com,Male,191.220.125.184,Vitara,Houston,United States,77288,Quality Engineer,2XL
279,Martie,Fawdrie,mfawdrie7q@lycos.com,Female,118.51.67.175,Altima,Järfälla,Sweden,175 54,Web Developer I,XS
280,Rhodie,Phillput,rphillput7r@last.fm,Female,116.171.137.5,Boxster,Sangar Sarāy,Afghanistan,,Media Manager IV,XS
281,Royal,Grindlay,rgrindlay7s@techcrunch.com,Male,135.79.156.94,S-Class,Agodim,Portugal,2420-173,Social Worker,2XL
282,Upton,Trussell,utrussell7t@amazon.co.uk,Genderfluid,242.180.198.201,SLK-Class,Prince Albert,South Africa,6932,Legal Assistant,XS
283,Teddie,McCord,tmccord7u@gnu.org,Male,179.222.200.59,Crown Victoria,Prosperous,Ireland,R14,Actuary,M
284,Jacques,McGow,jmcgow7v@netlog.com,Male,146.143.34.144,Camry,Dongkeng,China,,Account Executive,L
285,Brod,Gaines,bgaines7w@is.gd,Male,101.57.18.70,Stealth,Suba,Philippines,2433,Clinical Specialist,M
286,Laurie,Leyburn,lleyburn7x@amazon.co.uk,Male,120.53.221.99,Laser,Kuala Lumpur,Malaysia,50566,Registered Nurse,3XL
287,Mauricio,Davis,mdavis7y@altervista.org,Male,87.243.100.248,SC,Tetebatu,Indonesia,,Financial Advisor,2XL
288,Emmit,Gook,egook7z@cbslocal.com,Male,74.190.192.140,9-7X,Norak,Tajikistan,,Actuary,L
289,Flori,Mollison,fmollison80@webnode.com,Female,51.71.119.98,Savana,Dulles,United States,20189,Office Assistant III,XS
290,Curt,Copplestone,ccopplestone81@pagesperso-orange.fr,Male,136.103.74.137,Suburban 1500,Lanos,Indonesia,,Database Administrator I,L
291,Julio,Froud,jfroud82@usa.gov,Male,251.192.114.164,MX-5,Andovoranto,Madagascar,,Account Executive,S
292,Claudelle,Macewan,cmacewan83@ox.ac.uk,Female,74.187.234.251,Cobalt SS,Miaotang,China,,Product Engineer,L
293,Shirl,Kirsopp,skirsopp84@google.com.br,Female,19.75.69.32,G37,Villa Bustos,Argentina,5164,Environmental Tech,M
294,Stephi,Hamber,shamber85@dedecms.com,Female,142.144.118.131,V8 Vantage,Zepita,Peru,,Research Assistant III,S
295,Enrica,Killich,ekillich86@amazon.co.uk,Female,161.189.236.94,Cougar,Nagqu,China,,Professor,2XL
296,Marj,Northcliffe,mnorthcliffe87@smh.com.au,Female,41.77.227.211,F-350 Super Duty,Ariquemes,Brazil,78930-000,Operator,M
297,Alain,McGillecole,amcgillecole88@devhub.com,Male,15.31.124.47,Sportvan G20,Zhongdong,China,,Data Coordiator,L
298,Francisco,Bausmann,fbausmann89@slideshare.net,Male,139.73.75.103,S4,Quintão,Portugal,4745-328,Safety Technician I,2XL
299,Karry,Anstiss,kanstiss8a@google.ca,Female,127.86.189.86,Routan,Bibinje,Croatia,23205,Software Consultant,M
300,Torrie,O'Hannigan,tohannigan8b@oaic.gov.au,Female,248.244.244.201,Tahoe,Dasuhe,China,,Software Engineer III,S
301,Hermy,Durnford,hdurnford8c@artisteer.com,Male,127.167.56.148,Mazdaspeed 3,Hengjiang,China,,Financial Analyst,M
302,Celeste,Gatiss,cgatiss8d@pen.io,Female,245.162.242.251,Ram Van B350,Jifarong,Gambia,,Nuclear Power Engineer,XL
303,Curcio,MacPike,cmacpike8e@sbwire.com,Male,41.231.208.189,XK,Łęczyce,Poland,84-218,Structural Engineer,S
304,Bridgette,Camocke,bcamocke8f@cdbaby.com,Female,170.178.125.54,100,Pershotravneve,Ukraine,,Associate Professor,L
305,Saxon,Vayro,svayro8g@phpbb.com,Male,57.108.64.208,FF,Viçosa do Ceará,Brazil,62300-000,GIS Technical Architect,M
306,Regan,McGlynn,rmcglynn8h@linkedin.com,Bigender,30.242.11.244,3000GT,Nastola,Finland,15561,Research Associate,3XL
307,Linette,Osorio,losorio8i@ycombinator.com,Female,151.216.115.188,Land Cruiser,Houjiagang,China,,Office Assistant II,XL
308,Tymon,Joselovitch,tjoselovitch8j@dagondesign.com,Male,109.213.179.21,Safari,Ziftá,Egypt,,Help Desk Technician,L
309,Amos,Warburton,awarburton8k@indiegogo.com,Male,204.177.100.56,Concorde,Truskavets,Ukraine,,Staff Accountant I,M
310,Dilan,Probey,dprobey8l@ucsd.edu,Male,225.210.236.90,SL-Class,Mercedes,Philippines,6808,Senior Quality Engineer,3XL
311,Gaile,McGreary,gmcgreary8m@parallels.com,Male,138.132.68.247,9000,Shambu,Ethiopia,,Electrical Engineer,XL
312,Rosalynd,Raoux,rraoux8n@google.de,Female,125.232.147.250,Jetta,La Libertad,Ecuador,,Office Assistant III,XL
313,Royall,Dollard,rdollard8o@cdbaby.com,Male,38.146.89.9,Sonata,Guihing Proper,Philippines,8006,Analog Circuit Design manager,M
314,Mignon,Petch,mpetch8p@google.co.uk,Female,44.9.43.183,Sportvan G20,Franco da Rocha,Brazil,07800-000,Internal Auditor,2XL
315,Allyson,Caen,acaen8q@liveinternet.ru,Female,126.236.180.142,Insight,Balauring,Indonesia,,Database Administrator IV,M
316,Perkin,Stannis,pstannis8r@so-net.ne.jp,Bigender,182.190.129.71,Explorer,Slobodka,Russia,301113,Geological Engineer,XL
317,Helen,Ambrus,hambrus8s@europa.eu,Female,162.10.200.115,F-Series,Motema,Sierra Leone,,Statistician IV,XL
318,Zsazsa,Goude,zgoude8t@princeton.edu,Genderfluid,199.155.137.220,164,Atlanta,United States,31106,Web Designer I,XS
319,Fawnia,Passie,fpassie8u@sourceforge.net,Female,26.233.47.180,Justy,Hukvaldy,Czech Republic,739 46,Marketing Assistant,L
320,Culley,Ife,cife8v@opera.com,Genderqueer,89.99.127.202,Falcon,Nnewi,Nigeria,,Food Chemist,M
321,Justis,Cawkill,jcawkill8w@springer.com,Male,102.248.191.28,CC,Petaẖ Tiqwa,Israel,,Assistant Professor,XL
322,Lori,Gheorghescu,lgheorghescu8x@purevolume.com,Female,49.149.185.134,Mulsanne,Denov,Uzbekistan,,Analyst Programmer,XL
323,Taddeo,MacKonochie,tmackonochie8y@nationalgeographic.com,Male,130.29.159.219,Econoline E350,Banraeaba Village,Kiribati,,Operator,XL
324,Bobbye,Realff,brealff8z@edublogs.org,Female,162.162.134.98,5000S,Itaquyry,Paraguay,,Account Representative I,3XL
325,Laurie,Farryan,lfarryan90@boston.com,Male,134.162.93.251,Hombre,Picton,New Zealand,7250,Research Assistant III,XS
326,Ezri,Todarini,etodarini91@printfriendly.com,Male,240.32.188.63,Versa,Shujāābād,Pakistan,22161,Editor,L
327,Thaine,Kilbride,tkilbride92@sciencedirect.com,Male,176.181.35.197,Trans Sport,Sobhādero,Pakistan,66191,Computer Systems Analyst II,2XL
328,Baxy,Rizzelli,brizzelli93@netvibes.com,Male,91.129.185.53,Montero Sport,Merik,Indonesia,,Community Outreach Specialist,S
329,Mortie,Lammerich,mlammerich94@accuweather.com,Male,138.239.55.3,5 Series,Herrera,Argentina,4326,Web Developer IV,L
330,Irv,Balls,iballs95@dot.gov,Male,66.160.171.69,Sentra,Semenivka,Ukraine,,Data Coordiator,S
331,Jsandye,Palmar,jpalmar96@scientificamerican.com,Female,194.116.208.139,MDX,Acao,Philippines,1116,Quality Engineer,2XL
332,Jori,O'Teague,joteague97@mayoclinic.com,Female,106.175.34.140,Express 2500,Kokoshkino,Russia,601136,Financial Analyst,S
333,Nanon,Havers,nhavers98@gov.uk,Genderqueer,159.245.70.155,Continental GTC,Heqiao,China,,Dental Hygienist,3XL
334,Hansiain,Arkle,harkle99@bigcartel.com,Male,129.160.67.232,Blazer,Severnyy,Russia,141707,Operator,M
335,Corliss,Brind,cbrind9a@diigo.com,Female,5.124.154.242,Sunbird,Tangzang,China,,Software Consultant,M
336,Fabien,Burdfield,fburdfield9b@paypal.com,Male,118.86.24.52,Sable,Leskovec pri Krškem,Slovenia,8273,Account Representative II,M
337,Rene,McLarens,rmclarens9c@xinhuanet.com,Female,153.37.178.143,Regal,Paris 14,France,75675 CEDEX 14,Database Administrator II,L
338,Wadsworth,Chaunce,wchaunce9d@theatlantic.com,Male,234.15.148.151,Elan,Harembo,Comoros,,Payment Adjustment Coordinator,L
339,Darrell,Adlem,dadlem9e@twitter.com,Male,45.253.84.150,Regal,Tyresö,Sweden,135 55,Environmental Specialist,XS
340,Jayme,Keneleyside,jkeneleyside9f@dedecms.com,Male,89.182.49.211,Suburban 1500,Boca Raton,United States,33487,Tax Accountant,L
341,Cecilia,Crone,ccrone9g@dmoz.org,Bigender,235.12.59.247,Firefly,Göteborg,Sweden,405 10,Software Consultant,3XL
342,Orel,Gustus,ogustus9h@chicagotribune.com,Female,191.206.211.221,Continental,Xijiang,China,,Human Resources Assistant III,XL
343,Blair,MacGilrewy,bmacgilrewy9i@taobao.com,Female,75.178.0.186,Montana,Prusice,Poland,55-110,Nurse,XL
344,Hunfredo,Grinyov,hgrinyov9j@geocities.com,Male,106.155.35.253,F250,Iracemápolis,Brazil,13495-000,Technical Writer,M
345,Glennie,Poytres,gpoytres9k@microsoft.com,Non-binary,176.55.131.117,Corvette,Da’an,China,,Editor,XL
346,Norah,Atthowe,natthowe9l@multiply.com,Female,89.243.11.228,Tiburon,Chattanooga,United States,37410,Technical Writer,3XL
347,Faber,Quirk,fquirk9m@clickbank.net,Male,121.235.202.45,riolet,Verkhneye Kazanishche,Russia,368206,Safety Technician I,3XL
348,Barde,Blincoe,bblincoe9n@google.pl,Male,134.127.148.24,Interceptor,Genyem,Indonesia,,Financial Analyst,2XL
349,Roxie,Medford,rmedford9o@sina.com.cn,Female,45.40.18.203,Grand Prix,Taldyqorghan,Kazakhstan,,Software Consultant,XS
350,Donetta,Craighall,dcraighall9p@g.co,Female,117.82.125.62,M6,Harrison Brook,Canada,E7E,Systems Administrator II,XS
351,Angeli,Dare,adare9q@illinois.edu,Male,76.20.81.134,S-Type,Santander,Spain,39005,Desktop Support Technician,2XL
352,Elsworth,Meneur,emeneur9r@people.com.cn,Male,105.238.47.238,XG350,Williamsfield,Jamaica,,VP Sales,M
353,Leelah,Rustadge,lrustadge9s@wp.com,Female,251.72.212.105,Fusion,Ostrzeszów,Poland,63-500,Data Coordiator,XL
354,Piper,Bercher,pbercher9t@meetup.com,Non-binary,142.150.13.117,Mariner,Xinchengzi,China,,Editor,2XL
355,Brinna,Castane,bcastane9u@sina.com.cn,Female,149.177.135.9,Forester,Guandu,China,,Internal Auditor,3XL
356,Brigg,Spofforth,bspofforth9v@pen.io,Male,57.94.220.66,Thunderbird,Xing’an,China,,Research Associate,M
357,Faydra,McQuillan,fmcquillan9w@toplist.cz,Female,108.159.136.37,1500,Knivsta,Sweden,741 96,Accounting Assistant III,2XL
358,Adda,Clemencon,aclemencon9x@jimdo.com,Female,97.11.223.48,VUE,Thị Trấn Yên Ninh,Vietnam,,Chief Design Engineer,2XL
359,Bink,Dewi,bdewi9y@ning.com,Male,160.83.73.106,Rio,Makanya,Tanzania,,Senior Developer,3XL
360,Ramsay,Rickaert,rrickaert9z@forbes.com,Male,101.102.207.123,Cruze,Xiaoweizhai,China,,VP Quality Control,L
361,Hallsy,Fattore,hfattorea0@php.net,Male,6.215.59.158,Cougar,Xiushi,China,,Director of Sales,XS
362,Bevvy,Ashton,bashtona1@sphinn.com,Female,54.91.125.54,Camry,Pajaten,Indonesia,,Staff Scientist,2XL
363,Lorine,Mochan,lmochana2@topsy.com,Genderfluid,130.208.118.99,Avalon,Kangxung,China,,VP Accounting,XL
364,Kim,Chater,kchatera3@sun.com,Male,160.138.137.94,Pilot,Mullsjö,Sweden,565 31,Administrative Officer,M
365,Matilde,Silvers,msilversa4@umn.edu,Female,160.186.165.51,Altima,Qiancheng,China,,Help Desk Operator,S
366,Brennen,Farragher,bfarraghera5@bbb.org,Male,82.212.17.99,Pajero,Lagny-sur-Marne,France,77404 CEDEX,Developer II,2XL
367,Jobey,Rowlson,jrowlsona6@bing.com,Female,151.182.140.183,Tacoma,Tanahgrogot,Indonesia,,Chemical Engineer,2XL
368,Hyacintha,Caunt,hcaunta7@live.com,Female,22.194.5.32,Veracruz,Qingminghe,China,,Teacher,3XL
369,Ced,Ernshaw,cernshawa8@bandcamp.com,Male,158.178.233.50,Odyssey,Muikamachi,Japan,990-0054,Account Coordinator,L
370,Melessa,MacCombe,mmaccombea9@multiply.com,Genderqueer,39.167.125.207,V70,Cijambe,Indonesia,,Information Systems Manager,L
371,Ellwood,Lindermann,elindermannaa@ezinearticles.com,Male,114.61.228.35,Suburban 2500,Tatarka,Russia,356235,Technical Writer,XL
372,Corbet,Geldart,cgeldartab@simplemachines.org,Male,153.158.253.1,F-Series,Tacoma,United States,98464,Administrative Officer,S
373,Corly,Petett,cpetettac@parallels.com,Female,123.10.176.112,Cavalier,Ostrogozhsk,Russia,397855,Accountant IV,3XL
374,Derby,Crickmoor,dcrickmoorad@howstuffworks.com,Male,52.30.89.194,Sable,Puttalam,Sri Lanka,61300,Nurse,2XL
375,Donovan,Sharrier,dsharrierae@networkadvertising.org,Polygender,21.22.240.217,Passat,Lipin Bor,Russia,161250,Marketing Assistant,S
376,Christye,MacGhee,cmacgheeaf@skyrock.com,Female,75.14.54.114,Cherokee,Baisangguan,China,,Operator,2XL
377,Gerda,Trett,gtrettag@telegraph.co.uk,Female,140.200.228.122,SJ,Örebro,Sweden,700 09,Desktop Support Technician,S
378,Becki,Lantuff,blantuffah@wikipedia.org,Female,120.8.131.138,Firefly,Baisha,China,,Editor,2XL
379,Clifford,Druce,cdruceai@vk.com,Male,143.78.67.126,Neon,Paris 19,France,75171 CEDEX 19,Pharmacist,S
380,Minnaminnie,Perren,mperrenaj@mozilla.org,Female,106.40.199.232,Pajero,Grębów,Poland,39-410,Chief Design Engineer,L
381,Elwira,Scholler,eschollerak@blogspot.com,Female,126.238.167.32,Wrangler,Starý Bohumín,Czech Republic,735 81,Account Executive,3XL
382,Marline,Pockey,mpockeyal@people.com.cn,Female,242.29.30.44,Ram Van 3500,Wendo,Ethiopia,,VP Sales,2XL
383,Siward,Kalvin,skalvinam@webs.com,Male,91.143.191.104,Ram Van 2500,Qili,China,,Nurse Practicioner,2XL
384,Sileas,Annetts,sannettsan@nature.com,Female,62.226.136.72,Fairlane,Melaka,Malaysia,75586,Mechanical Systems Engineer,XL
385,Harri,Guiduzzi,hguiduzziao@exblog.jp,Female,207.44.3.43,Element,Ljig,Serbia,,Structural Engineer,XL
386,Paulo,De Domenico,pdedomenicoap@youku.com,Male,67.104.205.3,GS,Creil,France,60922 CEDEX 9,Recruiting Manager,S
387,Atlante,Volkes,avolkesaq@goo.ne.jp,Female,36.23.189.124,8 Series,Zongluzui,China,,Recruiting Manager,L
388,Mick,O'Nion,monionar@blogspot.com,Male,243.195.244.29,Park Avenue,Domont,France,95445 CEDEX,Web Developer I,XS
389,Ryan,Raspison,rraspisonas@soundcloud.com,Male,156.128.49.49,5000S,Izhmorskiy,Russia,652120,Dental Hygienist,M
390,Catha,Camin,ccaminat@shareasale.com,Female,49.65.232.241,Rabbit,Mariposa,Peru,,Analyst Programmer,M
391,Royal,Heinrich,rheinrichau@skype.com,Bigender,218.214.40.180,Pilot,Lüfeng,China,,Occupational Therapist,XL
392,Stillman,Longford,slongfordav@slideshare.net,Male,76.111.162.60,Corolla,Corredoura,Portugal,2970-079,Assistant Manager,2XL
393,Tiena,Pyer,tpyeraw@accuweather.com,Female,192.148.228.118,Storm,Nytva,Russia,617000,Sales Associate,3XL
394,Aloise,Henrie,ahenrieax@cmu.edu,Female,185.80.39.33,DB9,Chicago,United States,60614,Sales Representative,XL
395,Wilie,Mason,wmasonay@indiegogo.com,Female,208.88.34.131,3000GT,Erie,United States,16534,Quality Engineer,L
396,Marieann,Domone,mdomoneaz@walmart.com,Female,11.90.12.144,FJ Cruiser,Pertunmaa,Finland,19430,Software Engineer III,XS
397,Dulcinea,Pladen,dpladenb0@merriam-webster.com,Female,249.6.92.106,M-Class,Columbus,United States,43231,Sales Representative,M
398,Eugene,Jordison,ejordisonb1@photobucket.com,Male,145.43.50.235,Mustang,Shuangtang,China,,Financial Advisor,3XL
399,Morley,McGhee,mmcgheeb2@miibeian.gov.cn,Bigender,135.42.124.117,Cabriolet,Benito Juarez,Mexico,62214,Graphic Designer,XL
400,Gawen,Woltman,gwoltmanb3@umn.edu,Male,175.255.234.26,F150,Socorro,Philippines,8416,Clinical Specialist,XL
401,Kevyn,Maden,kmadenb4@goo.ne.jp,Female,8.116.127.122,Passat,Nyandoma,Russia,164200,Geologist I,3XL
402,Marcelline,Mullin,mmullinb5@census.gov,Female,103.79.218.230,Type 2,Gostivar,Macedonia,1230,Account Coordinator,S
403,Merrielle,Janak,mjanakb6@reuters.com,Female,5.12.234.87,Bonneville,Punta de Bombón,Peru,,Analyst Programmer,S
404,Fairfax,Cantopher,fcantopherb7@so-net.ne.jp,Male,61.145.69.181,Colorado,Kwaluseni,Swaziland,,Programmer Analyst III,L
405,Sutherlan,Stickins,sstickinsb8@123-reg.co.uk,Male,94.154.141.251,430 Scuderia,Bhalil,Morocco,,Speech Pathologist,XL
406,Loria,Holdworth,lholdworthb9@google.ru,Female,187.20.205.118,Econoline E250,Datian,China,,Editor,XL
407,Jeane,Scutt,jscuttba@telegraph.co.uk,Female,129.9.217.172,Insight,Magisterial,Mexico,47207,Quality Control Specialist,S
408,Eduardo,Wrenn,ewrennbb@who.int,Polygender,155.245.156.113,Challenger,Aliuroba,Indonesia,,Senior Quality Engineer,S
409,Mara,O'Hartnedy,mohartnedybc@github.com,Female,206.111.62.179,Cayenne,Siyang,China,,Accounting Assistant III,XL
410,Prisca,Raithby,praithbybd@jimdo.com,Female,82.242.149.177,Yukon,Manisi,China,,Quality Control Specialist,2XL
411,Findley,Everal,feveralbe@youtu.be,Male,253.201.154.149,Reatta,Tamanan,Indonesia,,Programmer III,XS
412,Chuck,Whaplington,cwhaplingtonbf@webeden.co.uk,Male,63.28.83.232,Dakota,Tutul,Indonesia,,Desktop Support Technician,S
413,Worthington,Etter,wetterbg@mac.com,Male,121.168.211.225,Familia,Chengdong,China,,VP Sales,S
414,Othello,Feechum,ofeechumbh@unc.edu,Male,174.216.214.143,Taurus X,Porosozero,Russia,186855,Research Assistant III,S
415,Duncan,Mockford,dmockfordbi@usda.gov,Male,60.30.102.181,Corvette,Kuanfatu,Indonesia,,Recruiter,XL
416,Thomasine,Milland,tmillandbj@hatena.ne.jp,Female,62.110.231.170,Bronco II,Jiangzhang,China,,Developer III,S
417,Somerset,Gerrelts,sgerreltsbk@vimeo.com,Male,200.120.217.135,Savana 1500,Wufeng,China,,Senior Editor,2XL
418,Gavra,Croyser,gcroyserbl@mozilla.org,Female,114.124.27.101,V70,Yuandianhui,China,,Administrative Assistant II,XS
419,Pearce,Astley,pastleybm@theatlantic.com,Male,210.141.47.55,Pilot,Opuzen,Croatia,20355,Professor,XS
420,Kat,Grelak,kgrelakbn@desdev.cn,Female,169.74.41.211,Mystique,Songkan,China,,Accounting Assistant I,L
421,Gideon,Bonsale,gbonsalebo@mac.com,Male,113.219.207.149,Explorer Sport,Rehnān,Iran,,Marketing Assistant,S
422,Kalvin,Burrass,kburrassbp@myspace.com,Male,65.131.64.67,Suburban 1500,Danderyd,Sweden,182 34,Financial Analyst,M
423,Barth,Cosley,bcosleybq@tumblr.com,Male,63.142.115.210,Mirage,Renyi,China,,Software Test Engineer III,3XL
424,Geralda,Sherrocks,gsherrocksbr@zdnet.com,Female,5.14.173.179,Rendezvous,Trstenik,Serbia,,Systems Administrator III,XS
425,Frederik,Ropkes,fropkesbs@yellowbook.com,Male,51.8.111.25,Metro,Cayenne,French Guiana,97308 CEDEX,Desktop Support Technician,3XL
426,Ron,Putley,rputleybt@tumblr.com,Male,140.246.197.164,968,Petawawa,Canada,K8H,Health Coach III,2XL
427,Nanny,Tranmer,ntranmerbu@census.gov,Female,5.235.41.124,Montero,Los Angeles,United States,90076,Human Resources Assistant IV,S
428,Lennard,Danet,ldanetbv@cafepress.com,Male,9.227.61.207,Elise,Mompós,Colombia,473008,Accountant IV,2XL
429,Edythe,Myhill,emyhillbw@seattletimes.com,Female,81.210.58.90,Esprit,Pangao,Philippines,4228,Staff Accountant I,M
430,Duane,Juppe,djuppebx@a8.net,Polygender,82.223.201.162,Outlander,Lokokrangan,Indonesia,,Executive Secretary,XS
431,Joellen,Saffe,jsaffeby@umich.edu,Female,2.111.40.194,Sierra 1500,Ariguaní,Colombia,273017,Office Assistant II,XS
432,Byrann,Woolsey,bwoolseybz@ning.com,Male,155.189.64.210,S80,Tower,Ireland,P31,Analog Circuit Design manager,3XL
433,Drud,Pedican,dpedicanc0@cafepress.com,Male,34.84.94.81,Tahoe,Boldumsaz,Turkmenistan,,General Manager,2XL
434,Eli,Oertzen,eoertzenc1@addthis.com,Male,220.127.31.58,Grand Cherokee,La Mesa,Colombia,252608,Engineer III,XS
435,Boycie,Tobin,btobinc2@amazon.co.uk,Male,124.87.179.224,Cutlass Supreme,Manticao,Philippines,9024,Geologist III,2XL
436,Guy,Seabridge,gseabridgec3@nymag.com,Male,97.198.138.99,4Runner,Kae Dam,Thailand,44190,Senior Sales Associate,M
437,Karin,Chaplain,kchaplainc4@dedecms.com,Female,32.141.63.228,Aero 8,San Silvestre,Venezuela,,Quality Engineer,M
438,Maribel,Huntington,mhuntingtonc5@barnesandnoble.com,Female,73.13.100.74,90,Olszówka,Poland,62-641,Librarian,XL
439,Clareta,Eddins,ceddinsc6@zdnet.com,Female,52.44.91.241,Eos,Angren,Uzbekistan,,Marketing Manager,2XL
440,Padget,Wisam,pwisamc7@webeden.co.uk,Male,231.176.83.226,Aurora,Bangonay,Philippines,4114,GIS Technical Architect,2XL
441,Matthiew,Pardy,mpardyc8@google.nl,Non-binary,237.226.184.167,Malibu,Kebonsari,Indonesia,,Help Desk Operator,XL
442,Gae,Connelly,gconnellyc9@ow.ly,Female,208.63.107.175,Neon,Diang,Cameroon,,Design Engineer,2XL
443,Carlina,Kmieciak,ckmieciakca@sbwire.com,Genderqueer,219.171.111.251,7 Series,Dallas,United States,75216,Administrative Assistant II,2XL
444,Webb,Gillie,wgilliecb@squidoo.com,Male,128.182.236.206,Diablo,Tongquan,China,,Safety Technician IV,M
445,Town,Tzar,ttzarcc@1688.com,Male,69.20.50.10,Eurovan,Kotauneng,Indonesia,,Sales Representative,L
446,Israel,Diegan,idiegancd@acquirethisname.com,Male,226.252.38.240,Arnage,Petropavlovskaya,Russia,366013,Help Desk Technician,2XL
447,Javier,Rutherford,jrutherfordce@ask.com,Male,75.121.250.168,Monterey,Olszanica,Poland,38-722,Account Representative II,L
448,Mathian,Reisen,mreisencf@reference.com,Male,212.174.123.88,Town Car,Banī Zayd,Palestinian Territory,,Payment Adjustment Coordinator,L
449,Willyt,Kittiman,wkittimancg@soup.io,Female,224.220.171.249,Express 1500,Zeist,Netherlands,3709,Account Coordinator,M
450,Itch,Crispe,icrispech@shareasale.com,Male,172.78.232.198,Econoline E350,Campos do Jordão,Brazil,12460-000,Environmental Specialist,S
451,Prissie,Le Noire,plenoireci@bigcartel.com,Female,37.88.182.11,Arnage,Qizhen,China,,Marketing Assistant,XL
452,Sharity,Baglan,sbaglancj@360.cn,Female,242.36.151.32,S60,Saint-Ouen,France,93487 CEDEX,Automation Specialist IV,L
453,Roxanna,Lowcock,rlowcockck@chron.com,Female,233.14.105.21,Aveo,Mirovice,Czech Republic,398 06,Budget/Accounting Analyst III,XS
454,Arie,Montilla,amontillacl@eventbrite.com,Male,223.68.153.211,2500,Lianhe,China,,Marketing Assistant,M
455,Gretel,De Mars,gdemarscm@t.co,Female,2.199.249.67,Continental,Xiangyanglu,China,,Food Chemist,3XL
456,Analiese,Cuerdall,acuerdallcn@bloglines.com,Female,118.23.99.188,Accord,Primero de Mayo,Mexico,27944,Compensation Analyst,XL
457,Alfred,Samsin,asamsinco@cocolog-nifty.com,Male,99.163.251.180,Accord,Sabugueiro,Portugal,7040-704,Physical Therapy Assistant,2XL
458,Aeriel,Margerrison,amargerrisoncp@baidu.com,Female,131.11.150.168,MR2,Lyaskelya,Russia,186806,Staff Accountant III,XL
459,Cletus,Fox,cfoxcq@earthlink.net,Male,43.238.86.114,Tacoma,Omaha,United States,68144,Assistant Professor,3XL
460,Maurise,Heinl,mheinlcr@narod.ru,Male,213.222.33.216,Savana 3500,Purwosari,Indonesia,,Clinical Specialist,M
461,Donovan,Cleugher,dcleughercs@tripadvisor.com,Genderfluid,240.199.140.199,Voyager,Kertamukti,Indonesia,,Geologist IV,3XL
462,Gregory,Audenis,gaudenisct@cisco.com,Male,31.53.92.3,Suburban 2500,Gozdnica,Poland,68-130,Editor,XL
463,Hyacinthia,Blackboro,hblackborocu@discovery.com,Female,16.32.94.220,XJ Series,Jixian,China,,Account Representative III,M
464,Granthem,Glowacha,gglowachacv@google.com.br,Male,199.213.15.117,Bravada,Železniki,Slovenia,4228,Librarian,XS
465,Forester,Mackness,fmacknesscw@lycos.com,Male,242.172.113.241,Grand Am,Banturkrajan,Indonesia,,Actuary,L
466,Trev,Chappelow,tchappelowcx@about.com,Male,45.124.91.168,Corolla,Hefu,China,,Accounting Assistant III,S
467,Ailyn,Robinson,arobinsoncy@abc.net.au,Female,88.115.77.252,Clubman,Upig,Philippines,1706,Biostatistician II,S
468,Chrissy,Denne,cdennecz@ucsd.edu,Female,161.75.192.121,Sedona,Juhut,Indonesia,,Electrical Engineer,XL
469,Gherardo,Fallen,gfallend0@quantcast.com,Male,140.210.67.250,Ram Van 1500,Kaduy,Russia,162510,Marketing Manager,M
470,Lauretta,Spread,lspreadd1@bandcamp.com,Female,203.2.237.176,Rally Wagon G3500,San Ramón,Peru,,Environmental Specialist,S
471,Bernette,Gribbell,bgribbelld2@spiegel.de,Female,188.70.165.41,F150,Zalanga,Nigeria,,Help Desk Operator,XS
472,Astrid,Moorcraft,amoorcraftd3@macromedia.com,Female,92.80.8.155,S4,Margita,Serbia,,Compensation Analyst,XS
473,Tierney,Oles,tolesd4@msn.com,Agender,128.162.68.201,Vanquish S,Sai’erlong Xiang,China,,Electrical Engineer,S
474,Rebecka,Downing,rdowningd5@163.com,Female,114.154.138.91,Murciélago,Phra Yuen,Thailand,40320,Information Systems Manager,L
475,Welbie,Clifforth,wclifforthd6@discovery.com,Male,243.202.109.48,Challenger,Savyntsi,Ukraine,,Teacher,S
476,Karry,Dany,kdanyd7@flickr.com,Female,135.118.1.186,Tacoma,Heyou,China,,Programmer Analyst II,2XL
477,Alejoa,Pattini,apattinid8@kickstarter.com,Male,42.161.95.39,CR-V,Serra D'El Rei,Portugal,2525-805,Clinical Specialist,S
478,Nappie,Bartolomeotti,nbartolomeottid9@marriott.com,Polygender,239.114.72.55,Touareg,Dhahi,Yemen,,Legal Assistant,M
479,Brittany,Nand,bnandda@state.gov,Female,201.14.94.99,Legacy,Holoriang,Indonesia,,Project Manager,L
480,Torre,Khadir,tkhadirdb@free.fr,Male,177.201.116.11,Celica,Gränna,Sweden,563 32,Engineer I,XS
481,Margaux,Huskinson,mhuskinsondc@mozilla.org,Agender,144.2.208.234,GTO,Yakovlevo,Russia,215723,Analyst Programmer,XL
482,Gib,Eckh,geckhdd@cisco.com,Male,177.39.115.122,Town & Country,San Buenaventura,Honduras,,Account Coordinator,XS
483,Ritchie,Esley,resleyde@washingtonpost.com,Male,207.88.183.249,SSR,Nyachera,Uganda,,Web Developer II,XS
484,Berkeley,Grigorkin,bgrigorkindf@soundcloud.com,Male,49.23.157.130,MR2,Carice,Haiti,,Structural Engineer,XS
485,Bethena,Banks,bbanksdg@cmu.edu,Female,17.63.245.109,Town & Country,Desa Margaluyu,Indonesia,,Nuclear Power Engineer,S
486,Gibby,Davley,gdavleydh@nih.gov,Male,87.86.75.24,Silverado 1500,Pop,Uzbekistan,,Programmer IV,M
487,Molli,Larret,mlarretdi@yale.edu,Female,72.241.15.229,Sierra 1500,Braunschweig,Germany,38126,Cost Accountant,L
488,Ingrim,Steptow,isteptowdj@disqus.com,Male,181.193.238.228,Express 2500,Caetité,Brazil,46400-000,Analog Circuit Design manager,XS
489,Zach,Jimeno,zjimenodk@nytimes.com,Male,120.211.231.251,MKT,Ābyek,Iran,,Food Chemist,XS
490,Julie,Soper,jsoperdl@harvard.edu,Male,176.180.20.101,A3,Ndjolé,Gabon,,Director of Sales,XS
491,Jeniffer,Geraldo,jgeraldodm@ed.gov,Female,25.126.239.170,Sedona,Yezhou,China,,Web Developer III,XL
492,L;urette,Eusden,leusdendn@patch.com,Female,206.242.239.51,XK,Przecław,Poland,72-005,Research Nurse,3XL
493,Harlan,Brasier,hbrasierdo@goodreads.com,Male,81.251.14.111,Mystique,Ush-Tyube,Kazakhstan,,Research Nurse,L
494,Ive,Mathieu,imathieudp@multiply.com,Male,136.171.197.190,Silverado 1500,Lumbardhi,Kosovo,,Office Assistant I,XS
495,Meara,Fearfull,mfearfulldq@bloomberg.com,Female,71.7.55.20,Rio,Shigongqiao,China,,Desktop Support Technician,2XL
496,Felisha,Patinkin,fpatinkindr@usda.gov,Non-binary,74.35.249.7,Roadster,Monte Agudo,Portugal,2425-724,Financial Analyst,3XL
497,Dedra,Richemond,drichemondds@msn.com,Female,85.49.44.34,Mazda3,Lamalera,Indonesia,,Human Resources Manager,XS
498,Eal,Beininck,ebeininckdt@apache.org,Male,6.109.70.34,DTS,Jiubao,China,,Technical Writer,3XL
499,Luelle,Dilliway,ldilliwaydu@technorati.com,Female,14.205.172.43,Galant,Gaoqiao,China,,Human Resources Assistant IV,3XL
500,Blondy,Bolletti,bbollettidv@google.co.jp,Female,0.13.145.130,Tercel,Sypniewo,Poland,06-216,Account Representative II,2XL
