id,first_name,last_name,email,gender,ip_address,car_model,city,country,postalcode,jobtittle,shirt_size
1,Magdalene,Stolting,mstolting0@i2i.jp,Female,64.55.51.146,F-Series,Badaogu,China,,Geologist I,M
2,Valli,Andryszczak,vandryszczak1@w3.org,Female,130.3.141.85,LeMans,Lázně Kynžvart,Czech Republic,354 91,Accountant III,3XL
3,Hart,Fludgate,hfludgate2@ifeng.com,Male,185.90.224.129,Ram Van B250,Notodden,Norway,3675,Nurse Practicioner,2XL
4,Batholomew,Brooksbank,bbrooksbank3@list-manage.com,Male,213.154.34.228,Bronco,Nuits-Saint-Georges,France,21704 CEDEX,Accounting Assistant I,S
5,Wenda,McQuaide,wmcquaide4@tinypic.com,Female,198.171.232.147,Boxster,Tarakaniv,Ukraine,,Desktop Support Technician,M
6,Elenore,Sheering,esheering5@state.gov,Female,45.237.102.40,Raider,Nūsay,Afghanistan,,Geologist IV,L
7,Averil,Beaby,abeaby6@trellian.com,Female,45.199.206.167,Mustang,Xinglong,China,,Product Engineer,M
8,Rachael,Dyet,rdyet7@homestead.com,Female,240.239.68.215,A8,Ngawi,Indonesia,,Programmer I,M
9,Blinnie,Fowden,bfowden8@amazon.de,Female,198.201.251.210,Freestyle,Cete,Portugal,4580-313,Compensation Analyst,S
10,Ivy,Mapis,imapis9@wired.com,Female,98.6.189.176,9-5,Balakhninskiy,Russia,666921,Executive Secretary,S
11,Malcolm,Grazier,mgraziera@typepad.com,Male,134.118.211.15,New Yorker,Mölndal,Sweden,431 87,Legal Assistant,XL
12,Antonella,Wreakes,awreakesb@issuu.com,Female,34.240.84.30,88,Rosário do Sul,Brazil,97590-000,Occupational Therapist,2XL
13,Jerrine,Wyldish,jwyldishc@list-manage.com,Female,111.91.168.226,M-Class,La Cesira,Argentina,5101,Biostatistician II,M
14,Keir,Camlin,kcamlind@businessweek.com,Male,163.236.50.155,XC70,Longvic,France,21604 CEDEX,Media Manager I,S
15,Charlie,Szymoni,cszymonie@fda.gov,Male,114.102.13.210,Century,Drosáto,Greece,,Help Desk Technician,S
16,Farrell,MacVaugh,fmacvaughf@liveinternet.ru,Male,87.111.141.253,Park Avenue,Colón,Panama,,Clinical Specialist,L
17,Bayard,Footitt,bfootittg@jimdo.com,Male,119.211.52.247,Optima,El Dividive,Venezuela,,Design Engineer,XL
18,Desi,Steffans,dsteffansh@intel.com,Male,52.54.180.194,911,Ballsh,Albania,,Physical Therapy Assistant,L
19,Myrilla,Ousbie,mousbiei@blogs.com,Female,110.97.164.226,Quest,Banjar Sandinggianyar,Indonesia,,Professor,3XL
20,Shay,Dufer,sduferj@canalblog.com,Female,41.96.96.0,Solara,Ariguaní,Colombia,152247,Quality Control Specialist,2XL
21,Zena,Bittleson,zbittlesonk@ow.ly,Female,45.105.14.130,Type 2,Bela Vista,Brazil,79260-000,Quality Engineer,L
22,Guthrey,Kitchingman,gkitchingmanl@1688.com,Male,151.85.47.30,200,Tzaneen,South Africa,0876,Quality Engineer,2XL
23,Egbert,Adamolli,eadamollim@amazon.com,Male,119.151.51.142,900,Skrwilno,Poland,87-510,Speech Pathologist,M
24,Claiborn,McCheyne,cmccheynen@seattletimes.com,Male,28.170.218.254,Range Rover Sport,Koni-Djodjo,Comoros,,Automation Specialist I,L
25,Jasper,Widger,jwidgero@tinypic.com,Male,52.247.49.164,M-Class,Wat Bot,Thailand,65160,Health Coach I,XL
26,Lucas,Golden,lgoldenp@sohu.com,Genderqueer,12.186.111.41,GX,Carrascal,Portugal,2710-145,Safety Technician IV,2XL
27,Elmer,Eisikovitsh,eeisikovitshq@jiathis.com,Male,166.50.96.82,DeVille,Mouquim,Portugal,4770-354,Physical Therapy Assistant,2XL
28,Huntley,Hacun,hhacunr@naver.com,Male,218.62.68.46,M3,Novoshakhtinskiy,Russia,692659,Product Engineer,3XL
29,Loleta,Dickens,ldickenss@cnbc.com,Female,72.130.4.74,Sportage,Caieiras,Brazil,07700-000,Quality Engineer,XS
30,Kippar,Du Fray,kdufrayt@lycos.com,Male,35.86.254.14,Eurovan,Shilovo,Russia,391545,Statistician II,XL
31,Saundra,Harker,sharkeru@fotki.com,Male,181.47.240.27,Ram 2500,Sorodot,Indonesia,,Sales Associate,3XL
32,Stevie,Cantrell,scantrellv@nifty.com,Male,201.185.78.84,Caprice,Kota Kinabalu,Malaysia,88906,Nurse,3XL
33,Edmon,Swinburn,eswinburnw@de.vu,Male,193.167.124.199,Probe,Zhangcaizhuang,China,,Nurse,S
34,Truman,Foch,tfochx@wsj.com,Non-binary,74.228.135.234,Chariot,Prachuap Khiri Khan,Thailand,77120,Research Assistant III,S
35,Ibbie,Studholme,istudholmey@sphinn.com,Female,106.52.2.116,612 Scaglietti,Lishu,China,,Safety Technician IV,3XL
36,Cointon,Ubsdall,cubsdallz@multiply.com,Male,15.0.179.39,Tracker,Ban Na San,Thailand,84120,Dental Hygienist,XL
37,Niles,Scotts,nscotts10@hud.gov,Male,124.3.115.157,Camry Solara,Carrigaline,Ireland,P43,Business Systems Development Analyst,3XL
38,Humfrey,Coombs,hcoombs11@addthis.com,Male,118.211.126.91,9-3,Longmen,China,,Clinical Specialist,XS
39,Denys,Bourgourd,dbourgourd12@cargocollective.com,Male,84.221.173.182,Sierra 3500,Berovo,Macedonia,2330,Technical Writer,S
40,Elston,Loder,eloder13@ifeng.com,Male,152.52.192.128,Altima,Pakapasan Ilir,Indonesia,,Desktop Support Technician,M
41,Hanson,Heakey,hheakey14@vimeo.com,Male,105.68.138.196,New Beetle,Bentar Girang,Indonesia,,Human Resources Assistant II,XL
42,Trude,Booton,tbooton15@admin.ch,Female,186.100.15.166,Regal,Thaon-les-Vosges,France,88154 CEDEX,Teacher,XL
43,Thedric,Shovlar,tshovlar16@zimbio.com,Male,163.136.246.219,Savana,Werangere,Indonesia,,Financial Analyst,2XL
44,Conan,Rockcliffe,crockcliffe17@de.vu,Male,181.106.58.23,Ram Van 1500,Prozor,Bosnia and Herzegovina,,Geologist I,XL
45,Aurelea,Ricards,aricards18@nytimes.com,Female,89.105.232.226,5 Series,Santo Aleixo,Portugal,7450-227,Geologist IV,L
46,Peyter,Linggood,plinggood19@wunderground.com,Male,136.156.87.65,Excursion,Xibin,China,,Nuclear Power Engineer,XS
47,Lisle,Bartlomiejczyk,lbartlomiejczyk1a@posterous.com,Male,113.170.224.238,Villager,Haozhai,China,,Senior Editor,L
48,Reagan,Esslement,resslement1b@geocities.com,Male,42.96.82.34,4Runner,Tieba,China,,Librarian,S
49,Thorstein,Weafer,tweafer1c@drupal.org,Male,72.92.226.197,Savana,Pingtang,China,,Executive Secretary,2XL
50,Arny,Castellani,acastellani1d@accuweather.com,Male,29.178.0.213,Tahoe,Sandouping,China,,Developer IV,XL
51,Karlee,Aitchinson,kaitchinson1e@rambler.ru,Female,94.215.239.134,Ram 3500,Shangani,Zimbabwe,,Environmental Tech,2XL
52,Kassie,Verbrugge,kverbrugge1f@google.fr,Non-binary,191.205.8.115,GLC,Sokodé,Togo,,GIS Technical Architect,XL
53,Aviva,Haydock,ahaydock1g@kickstarter.com,Female,81.123.55.125,Acclaim,Guayaybi,Paraguay,,Community Outreach Specialist,S
54,Hinda,Cottel,hcottel1h@stanford.edu,Female,144.172.42.175,Villager,Sironko,Uganda,,Account Executive,2XL
55,Hermie,Galego,hgalego1i@whitehouse.gov,Non-binary,243.254.18.200,Grand Am,Hatavch,Mongolia,,Automation Specialist IV,S
56,Gustavo,Sictornes,gsictornes1j@sina.com.cn,Male,67.117.149.215,Truck,Pataruman,Indonesia,,Web Developer I,M
57,Tommie,McCarroll,tmccarroll1k@hc360.com,Female,123.18.157.59,Envoy,Mariara,Venezuela,,Research Nurse,XS
58,Sanders,Wilkin,swilkin1l@squidoo.com,Male,160.211.82.126,Thunderbird,Huambo,Angola,,Senior Financial Analyst,S
59,Shannah,Houseman,shouseman1m@wufoo.com,Female,145.180.67.187,Rally Wagon 3500,Chating,China,,Chief Design Engineer,M
60,Kennan,Tebald,ktebald1n@tumblr.com,Male,177.168.18.45,Camaro,Golacir,Indonesia,,Senior Quality Engineer,M
61,Gillie,Roseborough,groseborough1o@nsw.gov.au,Female,18.154.201.136,Elise,Liupai,China,,Biostatistician IV,XL
62,Ezequiel,Causier,ecausier1p@google.com,Male,102.201.142.98,SL-Class,Pakis,Indonesia,,Compensation Analyst,S
63,Tiffy,Pill,tpill1q@illinois.edu,Female,130.90.179.171,XJ Series,Sirnasari,Indonesia,,VP Accounting,M
64,Esma,Streatley,estreatley1r@imageshack.us,Female,172.50.43.212,M-Class,Toride,Japan,302-0004,Engineer II,XS
65,Deeanne,Sheridan,dsheridan1s@joomla.org,Female,133.61.200.162,Grand Marquis,Kidodi,Tanzania,,Safety Technician I,XS
66,Jillie,Kienl,jkienl1t@japanpost.jp,Female,215.195.135.189,Golf,"Palmas De Gran Canaria, Las",Spain,35010,Accounting Assistant IV,S
67,Marlo,Iannuzzi,miannuzzi1u@devhub.com,Male,140.141.135.208,Legend,Stockholm,Sweden,117 97,Account Executive,XS
68,Howie,Cavie,hcavie1v@hubpages.com,Non-binary,67.206.224.138,X6 M,Kerrouchen,Morocco,,Cost Accountant,XS
69,Kathleen,Hawthorne,khawthorne1w@bloomberg.com,Female,178.55.173.3,X3,Toulouse,France,31029 CEDEX 4,Financial Advisor,XL
70,Ninnette,Lievesley,nlievesley1x@icio.us,Female,144.87.18.47,Escort,Wonoharjo,Indonesia,,Speech Pathologist,3XL
71,Mikol,Limpricht,mlimpricht1y@google.ru,Male,156.25.237.26,4Runner,Vasylkiv,Ukraine,,Technical Writer,3XL
72,Emelda,MacMurray,emacmurray1z@networkadvertising.org,Female,157.176.234.197,Range Rover,Goseong,South Korea,,Financial Analyst,L
73,Perl,Flahy,pflahy20@yahoo.com,Female,187.98.53.1,Taurus,Yashalta,Russia,359025,Account Coordinator,2XL
74,Virge,Frankum,vfrankum21@senate.gov,Male,149.79.187.165,Freestar,Fengshuling,China,,Cost Accountant,XL
75,Lindsey,Riach,lriach22@geocities.jp,Male,241.33.192.152,Z4,Shijing,China,,Technical Writer,L
76,Lavina,Ogley,logley23@163.com,Female,197.133.44.71,Voyager,Daguyun,China,,Research Assistant III,XL
77,Dino,Willacot,dwillacot24@umich.edu,Male,21.70.149.24,Bronco II,Hulan,China,,Business Systems Development Analyst,M
78,Nelia,Drife,ndrife25@salon.com,Female,234.67.98.203,Regal,Zhongzhai,China,,Staff Scientist,XL
79,Maggy,Ziehms,mziehms26@china.com.cn,Female,69.44.124.102,911,Golovinskiy,Russia,141707,Geological Engineer,L
80,Jacquelin,Tomaskunas,jtomaskunas27@archive.org,Female,15.211.232.5,Ram Van 1500,Marseille,France,13907 CEDEX 20,Quality Engineer,S
81,Morse,Mitchley,mmitchley28@freewebs.com,Male,64.199.249.211,IS,Fonte de Angeão,Portugal,3840-165,Physical Therapy Assistant,3XL
82,Sybila,Astlet,sastlet29@ox.ac.uk,Female,95.46.59.14,Monte Carlo,Kuttu,Micronesia,,General Manager,L
83,Gus,Pleasance,gpleasance2a@1688.com,Male,46.100.0.140,Aztek,Erdao,China,,Payment Adjustment Coordinator,S
84,Ann,Bras,abras2b@state.gov,Agender,234.12.205.139,Chariot,Nanzhai,China,,Financial Analyst,S
85,Ilario,Kimble,ikimble2c@rakuten.co.jp,Male,205.223.109.125,Impala,Ifo,Nigeria,,Clinical Specialist,XL
86,Elene,Newborn,enewborn2d@yellowbook.com,Female,204.44.215.107,ES,Diamantina,Brazil,39100-000,VP Quality Control,XL
87,Giselle,Gilmore,ggilmore2e@dyndns.org,Female,57.43.196.19,Grand Cherokee,Trelleborg,Sweden,231 68,Senior Developer,2XL
88,Kimmi,Welband,kwelband2f@godaddy.com,Female,245.25.107.16,Suburban 1500,San Simón,Venezuela,,Human Resources Assistant I,M
89,Adelind,Tudball,atudball2g@bizjournals.com,Female,97.154.27.114,90,Placencia,Belize,,Senior Developer,S
90,Brnaba,Konert,bkonert2h@meetup.com,Male,119.89.6.43,TSX,Dobropillya,Ukraine,,Research Assistant I,XL
91,Bonny,Drewell,bdrewell2i@tiny.cc,Female,8.184.51.224,3500,Nowy Korczyn,Poland,28-136,Occupational Therapist,M
92,Skell,Legerwood,slegerwood2j@discuz.net,Male,117.169.242.80,Eldorado,Gōdo,Japan,503-2429,Physical Therapy Assistant,M
93,Spense,Ventris,sventris2k@cafepress.com,Male,222.123.67.242,Evora,Paraguaçu Paulista,Brazil,19700-000,Editor,XS
94,Nikoletta,Shinn,nshinn2l@jalbum.net,Female,146.73.153.206,TL,Yoiqag,China,,Cost Accountant,L
95,Nyssa,Bielefeld,nbielefeld2m@elegantthemes.com,Female,122.88.8.45,XK,Zgłobień,Poland,36-046,Assistant Media Planner,L
96,Harlin,Nazareth,hnazareth2n@ovh.net,Male,186.196.128.221,Yukon XL 1500,Dengmingsi,China,,Nurse,M
97,Lina,Georgiades,lgeorgiades2o@rambler.ru,Female,203.47.22.214,Regal,Daxin,China,,Programmer Analyst IV,XS
98,Loren,Endean,lendean2p@over-blog.com,Female,230.165.0.103,Crosstour,Padova,Italy,35141,Chief Design Engineer,XS
99,Curtis,Winterburn,cwinterburn2q@twitter.com,Genderqueer,195.18.239.224,G-Class,Chãos,Portugal,4960-160,Dental Hygienist,L
100,Othello,Purle,opurle2r@vimeo.com,Genderfluid,169.56.209.13,2500,Verkh-Usugli,Russia,674100,Financial Advisor,3XL
101,Else,Whitelaw,ewhitelaw2s@marriott.com,Female,138.84.243.251,Aura,Kandava,Latvia,,Executive Secretary,L
102,Nevil,Thomlinson,nthomlinson2t@auda.org.au,Male,41.235.10.57,Town Car,Pivovarikha,Russia,664511,Administrative Officer,3XL
103,Humfrey,Firk,hfirk2u@dropbox.com,Male,36.232.232.241,Montero Sport,Muke,Indonesia,,Account Coordinator,XL
104,Mabelle,Broad,mbroad2v@desdev.cn,Female,209.21.224.166,Bronco,Revda,Russia,623287,VP Sales,2XL
105,Maribeth,Esland,mesland2w@histats.com,Female,192.78.9.59,Sierra 3500,Guzhu,China,,Operator,3XL
106,Rowan,Jeandon,rjeandon2x@msu.edu,Male,241.8.162.248,F250,Independencia,Mexico,26830,Information Systems Manager,S
107,Dory,Lampart,dlampart2y@youtu.be,Female,227.37.171.125,E-Class,Cầu Giát,Vietnam,,Community Outreach Specialist,S
108,Paxton,Bodocs,pbodocs2z@washingtonpost.com,Male,55.13.213.97,Rocky,Fengping,China,,Clinical Specialist,XL
109,Corbett,Elgey,celgey30@netscape.com,Male,73.157.109.220,Esprit,Lyon,France,69206 CEDEX 01,Electrical Engineer,L
110,Lianna,Lejeune,llejeune31@indiatimes.com,Female,24.29.17.170,rio,Marseille,France,13281 CEDEX 06,Teacher,M
111,Corrie,Goadsby,cgoadsby32@skyrock.com,Agender,185.71.138.231,7 Series,Gulod,Philippines,1117,Quality Engineer,S
112,Abdul,Gossop,agossop33@hc360.com,Male,87.82.23.140,Baja,Ubinskoye,Russia,632520,Account Executive,2XL
113,Teddi,Rassmann,trassmann34@nifty.com,Female,191.231.232.144,HHR,Anning,China,,Senior Sales Associate,S
114,Jacklin,Tompsett,jtompsett35@domainmarket.com,Female,139.90.192.61,Typ-1,Pacobamba,Peru,,Physical Therapy Assistant,XS
115,Lorraine,Fidler,lfidler36@amazonaws.com,Female,54.160.205.15,Previa,Liang,Indonesia,,Software Consultant,S
116,Philbert,Visco,pvisco37@oakley.com,Genderfluid,196.19.205.88,Thunderbird,Youhao,China,,Technical Writer,XL
117,Ag,Grady,agrady38@godaddy.com,Female,7.96.167.216,Expedition,Kopen,Indonesia,,Structural Engineer,XL
118,Glynnis,Cornelis,gcornelis39@parallels.com,Female,160.160.112.211,Optima,Nikhom Kham Soi,Thailand,49130,VP Marketing,3XL
119,Cleopatra,Derricoat,cderricoat3a@github.com,Female,234.237.226.236,Kizashi,Jiangkou,China,,GIS Technical Architect,L
120,Ase,Criag,acriag3b@google.com.hk,Male,206.26.108.107,MKX,Wangping,China,,Actuary,L
121,Neils,Cartin,ncartin3c@arizona.edu,Male,185.160.100.13,Imperial,Motrico,Philippines,2826,Teacher,2XL
122,Hildagarde,Rizzolo,hrizzolo3d@google.es,Female,239.136.82.58,Range Rover,Tarimbang,Indonesia,,Recruiter,XS
123,Pia,Bromehed,pbromehed3e@patch.com,Female,211.170.242.76,GTI,Chaloem Phra Kiat,Thailand,95120,Recruiting Manager,XS
124,Emilio,Demko,edemko3f@flavors.me,Male,202.238.216.67,SLK-Class,Beijie,China,,Computer Systems Analyst III,2XL
125,Nickolas,Seedull,nseedull3g@slideshare.net,Male,213.32.156.169,IS,Lubin,Poland,59-339,Research Nurse,M
126,Barnebas,Leatham,bleatham3h@wufoo.com,Male,132.63.85.7,LTD,Burbank,United States,91505,Computer Systems Analyst III,3XL
127,Ninetta,Bartaloni,nbartaloni3i@fotki.com,Female,217.197.231.94,Durango,Growong Lor,Indonesia,,Senior Financial Analyst,3XL
128,Frayda,Grigor,fgrigor3j@mashable.com,Female,50.39.234.249,Seville,Meiktila,Myanmar,,Food Chemist,XS
129,Robers,Boas,rboas3k@mac.com,Male,11.148.158.126,Insight,Summerland,Canada,H1V,Recruiting Manager,XL
130,Charley,Mauvin,cmauvin3l@nih.gov,Male,16.13.5.240,Crown Victoria,Sendai-shi,Japan,984-0075,Research Assistant I,XL
131,Kaye,Jerisch,kjerisch3m@cam.ac.uk,Female,85.149.122.71,Stratus,Xieqiao,China,,Account Coordinator,M
132,Noel,Jerratsch,njerratsch3n@123-reg.co.uk,Male,216.128.97.204,Cherokee,Nandulehe,China,,Account Executive,M
133,Khalil,Fowler,kfowler3o@amazon.co.jp,Male,209.13.64.91,Ram Wagon B150,Cimaragas,Indonesia,,Environmental Tech,XS
134,Jenelle,Leicester,jleicester3p@webmd.com,Female,8.176.147.177,S8,Kaduy,Russia,162510,Marketing Assistant,XL
135,Nerty,Prestedge,nprestedge3q@unc.edu,Female,48.105.126.173,Camaro,Nam Som,Thailand,41210,Operator,2XL
136,Mayne,Speare,mspeare3r@purevolume.com,Male,64.118.238.106,9-3,Gelsenkirchen,Germany,45886,Software Engineer I,3XL
137,Kara-lynn,Maddrah,kmaddrah3s@prnewswire.com,Female,180.79.188.102,Ram Van 2500,Guzhan,China,,Programmer Analyst III,3XL
138,Griff,Grimoldby,ggrimoldby3t@webs.com,Male,84.213.58.201,Scirocco,Rozhdestveno,Russia,399768,Safety Technician III,3XL
139,Serena,Dungate,sdungate3u@google.com.hk,Female,238.7.82.79,Spectra,Runka,Nigeria,,Sales Representative,S
140,Abbey,Baldini,abaldini3v@mail.ru,Male,161.79.165.67,Montero Sport,Guangsheng,China,,Librarian,2XL
141,Gregg,Valder,gvalder3w@yelp.com,Male,220.55.104.116,Quest,Alqueva,Portugal,7220-043,Administrative Officer,XL
142,Stacee,Nassi,snassi3x@dyndns.org,Polygender,250.32.17.255,Prius Plug-in Hybrid,Igreja,Portugal,9200-078,Computer Systems Analyst III,L
143,Philipa,Standeven,pstandeven3y@army.mil,Female,154.96.153.155,VUE,Padas,Indonesia,,Teacher,XS
144,Nichole,Vella,nvella3z@oracle.com,Agender,54.44.250.47,C70,Kinmparana,Mali,,Quality Engineer,L
145,Trace,Ravens,travens40@yelp.com,Male,183.87.184.54,MKS,Aconibe,Equatorial Guinea,,Safety Technician I,XL
146,Belvia,Forst,bforst41@arstechnica.com,Female,48.44.240.223,Sebring,Kombësi,Albania,,Quality Control Specialist,L
147,Sig,Spalding,sspalding42@artisteer.com,Male,87.148.62.1,Odyssey,Kyurdarmir,Azerbaijan,,VP Quality Control,M
148,Estrella,Ferdinand,eferdinand43@fda.gov,Female,127.105.171.159,SL-Class,Phoenix,United States,85010,Account Executive,L
149,Anatollo,Moynihan,amoynihan44@flavors.me,Male,91.0.146.96,300CE,Ryczów,Poland,34-115,Senior Sales Associate,XS
150,Drew,Mungin,dmungin45@imdb.com,Male,17.187.86.76,SLK-Class,Mabamba,Tanzania,,Food Chemist,XL
151,Emmit,Happer,ehapper46@google.com.au,Male,162.32.167.147,Grand Prix,Eindhoven,Netherlands,5644,Recruiting Manager,XS
152,West,Britee,wbritee47@behance.net,Male,249.128.216.184,Miata MX-5,Kholm,Russia,188732,Web Designer IV,S
153,Chrotoem,Caveill,ccaveill48@istockphoto.com,Male,23.150.121.208,Pathfinder,Harhorin,Mongolia,,Teacher,2XL
154,Valaria,Colebourne,vcolebourne49@blogtalkradio.com,Female,111.172.163.204,Supra,Vallehermoso,Philippines,2439,Analog Circuit Design manager,2XL
155,Marlyn,Dullard,mdullard4a@va.gov,Female,29.229.83.96,Expedition EL,Xiwanzi,China,,Help Desk Technician,XS
156,Jenifer,Belhomme,jbelhomme4b@flavors.me,Female,248.230.14.104,Mustang,Yangjiao,China,,Software Consultant,XL
157,Giffy,Steinson,gsteinson4c@hud.gov,Male,20.154.167.59,GTO,Ialibu,Papua New Guinea,,Health Coach IV,L
158,Myrna,Segoe,msegoe4d@timesonline.co.uk,Female,55.99.35.249,Colorado,Wang Sam Mo,Thailand,41380,Recruiter,3XL
159,Guido,McIndrew,gmcindrew4e@aboutads.info,Male,158.4.151.234,Galant,Huixing,China,,Human Resources Manager,3XL
160,Efren,Beagen,ebeagen4f@ameblo.jp,Male,27.158.234.195,Milan,Dhuusamarreeb,Somalia,,Human Resources Assistant II,L
161,Yorgo,Corlett,ycorlett4g@dion.ne.jp,Male,219.37.139.83,S5,Chai Badan,Thailand,15130,Cost Accountant,3XL
162,Carissa,Scrivinor,cscrivinor4h@un.org,Female,229.134.126.166,Park Avenue,Vila do Maio,Cape Verde,,Account Representative IV,L
163,Rockwell,Skevington,rskevington4i@4shared.com,Male,126.255.11.11,Sunbird,Chatturat,Thailand,36130,Mechanical Systems Engineer,3XL
164,Nolly,Knoble,nknoble4j@mashable.com,Male,82.181.192.28,Econoline E250,Hoi,Indonesia,,Assistant Media Planner,3XL
165,Dennie,Cheng,dcheng4k@soundcloud.com,Female,101.177.66.64,Echo,Sheffield,United Kingdom,S33,Research Associate,3XL
166,Sullivan,Gillooly,sgillooly4l@comsenz.com,Male,153.159.98.73,Integra,Oslo,Norway,0984,Internal Auditor,3XL
167,Leland,Lighton,llighton4m@mozilla.org,Bigender,101.130.204.125,Tribute,Qulaybīyah,Tunisia,,Design Engineer,XL
168,Curr,Bresnahan,cbresnahan4n@imageshack.us,Male,84.112.93.11,626,Marina,Croatia,21222,Web Designer III,XL
169,Richardo,Navarre,rnavarre4o@miitbeian.gov.cn,Male,175.30.38.178,9-3,Zhanbei,China,,Actuary,M
170,Sarge,Arr,sarr4p@rakuten.co.jp,Male,30.120.97.222,R32,Dijon,France,21900 CEDEX 9,Senior Cost Accountant,XS
171,Moselle,Arnfield,marnfield4q@slideshare.net,Female,238.35.63.245,Commander,Mokwa,Nigeria,,Occupational Therapist,XS
172,Mandel,Dukesbury,mdukesbury4r@github.com,Male,116.240.123.5,M6,Benešov nad Ploučnicí,Czech Republic,407 22,Marketing Assistant,S
173,Myca,Sancias,msancias4s@sfgate.com,Polygender,132.19.17.99,Ranger,Bacuyangan,Philippines,6114,Financial Advisor,3XL
174,Roby,Villalta,rvillalta4t@bigcartel.com,Female,205.144.227.182,Grand Marquis,Sandvika,Norway,1304,Media Manager IV,3XL
175,Radcliffe,Chevis,rchevis4u@ebay.com,Male,249.75.235.25,S60,Elaiochóri,Greece,,Dental Hygienist,XL
176,Faber,Guion,fguion4v@blogs.com,Male,60.11.243.210,Savana 1500,Jizhou,China,,Research Nurse,L
177,Kylie,Jakes,kjakes4w@fotki.com,Bigender,190.106.222.114,Armada,Stockholm,Sweden,105 32,Health Coach II,XL
178,Chlo,Luxen,cluxen4x@guardian.co.uk,Female,122.19.114.79,RS 4,Awilega,Indonesia,,Accountant I,M
179,Fanechka,Nolder,fnolder4y@google.pl,Female,194.217.5.170,Elantra,Arraial do Cabo,Brazil,28930-000,Paralegal,3XL
180,Saleem,Gubbins,sgubbins4z@nhs.uk,Male,242.153.142.163,S4,Raposos,Brazil,34400-000,Staff Accountant I,L
181,Jordon,Corre,jcorre50@reference.com,Male,153.86.253.125,RAV4,Pozuzo,Peru,,Assistant Manager,2XL
182,Sawyer,Naseby,snaseby51@odnoklassniki.ru,Genderfluid,115.246.107.112,Rogue,Erdenet,Mongolia,,Recruiter,XL
183,Domenic,Vasyutkin,dvasyutkin52@unc.edu,Male,29.173.164.71,Ranger,Zürich,Switzerland,8031,Help Desk Technician,3XL
184,Malynda,Monni,mmonni53@answers.com,Female,69.78.120.193,Sorento,Belo Horizonte,Brazil,30000-000,Junior Executive,XS
185,Darlene,Belford,dbelford54@umn.edu,Non-binary,147.28.90.84,Concorde,Gande,China,,Chemical Engineer,M
186,Koren,Toffoletto,ktoffoletto55@mozilla.com,Female,12.151.96.224,Sunfire,Tibakisa,Indonesia,,Financial Analyst,3XL
187,Engelbert,Rabb,erabb56@answers.com,Male,193.147.134.213,Aerostar,Ranisoba,Indonesia,,Actuary,2XL
188,Wynny,Poker,wpoker57@usda.gov,Female,75.29.152.85,Xtra,Koton Karifi,Nigeria,,Information Systems Manager,XS
189,Malia,Binnion,mbinnion58@ustream.tv,Female,190.5.103.44,Q,Fryanovo,Russia,141146,Senior Sales Associate,3XL
190,Pepi,Yerrall,pyerrall59@ow.ly,Female,167.206.2.147,Tundra,Liangting,China,,Compensation Analyst,2XL
191,Minny,Heineke,mheineke5a@diigo.com,Female,123.231.152.170,DB9,Fukui-shi,Japan,919-0486,Assistant Media Planner,M
192,Ludovico,Rankin,lrankin5b@gizmodo.com,Male,164.193.16.250,Sorento,Magapit,Philippines,5700,Teacher,2XL
193,Burke,Sanzio,bsanzio5c@china.com.cn,Male,64.246.79.97,Pajero,Poretskoye,Russia,429020,Budget/Accounting Analyst IV,L
194,Rurik,Egger,regger5d@google.com.au,Male,3.48.190.7,RSX,Jinniu,China,,Research Assistant I,S
195,Lock,Lattimer,llattimer5e@blogspot.com,Male,102.244.219.80,QX,Khovaling,Tajikistan,,Programmer I,XS
196,Robinett,Harrell,rharrell5f@who.int,Female,52.124.96.158,Civic,Yixi,China,,Staff Accountant III,XL
197,Saxe,Niemetz,sniemetz5g@nbcnews.com,Male,199.85.238.214,600,Leye,China,,Design Engineer,M
198,Angelia,Saltwell,asaltwell5h@lulu.com,Female,56.160.127.49,8 Series,Göteborg,Sweden,405 33,Dental Hygienist,M
199,Sheridan,Hassin,shassin5i@flickr.com,Male,87.232.247.10,Corolla,Pak Chom,Thailand,42150,Physical Therapy Assistant,S
200,Gilberto,Whitaker,gwhitaker5j@salon.com,Male,229.134.80.149,E-Class,Vacha,Russia,606168,Cost Accountant,S
201,Daniel,Brinson,dbrinson5k@unesco.org,Male,119.34.238.239,Amanti,Broto,Indonesia,,Sales Associate,XS
202,Ari,Orbon,aorbon5l@domainmarket.com,Male,238.147.68.197,Cooper Clubman,Nangewer,Indonesia,,Product Engineer,XL
203,Carita,Ponten,cponten5m@wufoo.com,Female,29.246.235.215,Lynx,Al Maḩallah al Kubrá,Egypt,,Financial Analyst,S
204,Robby,Dumberrill,rdumberrill5n@narod.ru,Female,68.152.141.34,Frontier,Petrovskoye,Russia,152130,Staff Scientist,2XL
205,Salim,Wyburn,swyburn5o@timesonline.co.uk,Male,167.72.119.142,B-Series Plus,Guradog,Indonesia,,Electrical Engineer,M
206,Karoly,Saberton,ksaberton5p@php.net,Male,126.29.79.202,Park Avenue,Wuluquele,China,,Assistant Manager,L
207,Baryram,Gornall,bgornall5q@ow.ly,Male,231.112.133.203,CX-7,Santo Ângelo,Brazil,98800-000,Accountant II,XL
208,Remy,Grogona,rgrogona5r@example.com,Female,65.111.23.207,Safari,Barda,Azerbaijan,,Accountant IV,2XL
209,Noby,Spellessy,nspellessy5s@cbsnews.com,Male,163.114.50.113,Lanos,Pumwani,Kenya,,Analog Circuit Design manager,L
210,Lorianne,Chess,lchess5t@histats.com,Female,83.26.61.39,Prizm,Ayamaru,Indonesia,,Structural Engineer,XL
211,Myra,Timewell,mtimewell5u@goodreads.com,Female,239.75.183.7,QX56,Bontang,Indonesia,,Legal Assistant,2XL
212,Alessandro,Leavens,aleavens5v@who.int,Male,186.226.71.194,Fox,Évry,France,91049 CEDEX,Legal Assistant,XS
213,Feliks,Konzel,fkonzel5w@people.com.cn,Male,230.172.159.47,GS,Czerwonak,Poland,62-004,Senior Quality Engineer,3XL
214,Cal,Benthall,cbenthall5x@wordpress.com,Male,181.101.59.152,G3,Gharavŭtí,Tajikistan,,Librarian,S
215,Riva,Rissom,rrissom5y@loc.gov,Female,80.183.255.103,Eldorado,Pico Truncado,Argentina,9015,Community Outreach Specialist,L
216,Sullivan,Golder,sgolder5z@cloudflare.com,Male,112.124.20.46,3000GT,Aţ Ţafīlah,Jordan,,Statistician I,2XL
217,Marilin,Gallihaulk,mgallihaulk60@washington.edu,Genderqueer,15.109.132.151,Mustang,Kwolla,Nigeria,,VP Product Management,S
218,Sergio,Gissop,sgissop61@geocities.com,Male,151.120.162.191,Suburban 2500,Mursaba,Indonesia,,Programmer III,XS
219,Cynthie,Trotter,ctrotter62@about.me,Female,186.131.232.187,Vanquish S,Ruilin,China,,Senior Quality Engineer,XS
220,Antonin,Eakly,aeakly63@gov.uk,Male,34.173.19.105,Taurus,Xiamao,China,,Information Systems Manager,XL
221,Evelyn,Speller,espeller64@berkeley.edu,Female,242.145.36.18,EXP,Strum,Albania,,Senior Quality Engineer,3XL
222,Vita,Aslum,vaslum65@oracle.com,Female,140.56.86.159,M5,La Guata,Honduras,,Developer III,XL
223,Suzanne,Fulcher,sfulcher66@google.fr,Female,112.102.228.7,xB,Hongtang,China,,Accountant III,3XL
224,Karel,Frankiss,kfrankiss67@buzzfeed.com,Female,23.194.192.144,EXP,Protaras,Cyprus,,Social Worker,XS
225,Travis,Bish,tbish68@bizjournals.com,Male,188.174.66.114,3500,Aykol,China,,Nurse,XS
226,Dorey,Thoresby,dthoresby69@cdbaby.com,Male,142.94.92.122,Uplander,Parthenay,France,79204 CEDEX,VP Sales,2XL
227,Chelsae,Bush,cbush6a@sitemeter.com,Female,160.99.68.149,Discovery,Telbang,Philippines,6328,GIS Technical Architect,S
228,Malvina,Hoggin,mhoggin6b@twitter.com,Female,249.206.168.194,Tundra,Pokrovskoye,Russia,368043,Pharmacist,XS
229,Elvis,Reichhardt,ereichhardt6c@livejournal.com,Bigender,31.230.71.21,Savana 3500,Khokhryaki,Russia,427011,Human Resources Manager,2XL
230,Buddy,Marsham,bmarsham6d@google.com.hk,Male,234.126.110.6,Leaf,Cabanbanan,Philippines,5047,Account Coordinator,2XL
231,Crosby,Casale,ccasale6e@wisc.edu,Male,186.156.15.38,Esprit,Pertunmaa,Finland,19430,Associate Professor,M
232,Gard,Vedstra,gvedstra6f@cisco.com,Male,48.151.76.234,Grand Am,Dembī Dolo,Ethiopia,,Help Desk Operator,XS
233,Floyd,O'Duane,foduane6g@senate.gov,Male,44.110.142.178,Escalade,Caocun,China,,Help Desk Operator,XS
234,Marchelle,McInnerny,mmcinnerny6h@phpbb.com,Female,166.45.54.37,CL,Offenbach,Germany,63073,Senior Sales Associate,M
235,Burty,Lowy,blowy6i@issuu.com,Male,89.95.181.46,FX,Bantay,Philippines,2727,Electrical Engineer,S
236,Wake,Potteril,wpotteril6j@globo.com,Male,220.34.155.137,Mustang,Zhize,China,,Data Coordiator,3XL
237,Walsh,Koppel,wkoppel6k@webs.com,Polygender,184.210.147.45,FX,Cholpon-Ata,Kyrgyzstan,,Programmer IV,S
238,Madalyn,Hubert,mhubert6l@ebay.co.uk,Female,53.204.166.172,Impala,Mungui,Peru,,GIS Technical Architect,XL
239,Alard,Wray,awray6m@apple.com,Male,146.140.5.231,Sentra,Meilong,China,,Senior Editor,L
240,Byrann,Whiten,bwhiten6n@parallels.com,Genderqueer,137.116.34.69,GTO,General Belgrano,Argentina,7223,Speech Pathologist,M
241,Gaby,Buntin,gbuntin6o@com.com,Female,217.255.65.230,Pathfinder,Xinhua,China,,Software Consultant,M
242,Evin,Avrahamov,eavrahamov6p@dell.com,Male,218.252.41.154,Park Avenue,Mishkino,Russia,453747,Assistant Media Planner,L
243,Thatcher,Kasperski,tkasperski6q@homestead.com,Male,119.108.193.224,Lancer,Roubaix,France,59100,Registered Nurse,L
244,Tabbitha,Scanes,tscanes6r@storify.com,Female,86.131.194.119,Escort,Malanday,Philippines,1805,Senior Sales Associate,XS
245,Konstanze,Slowgrave,kslowgrave6s@g.co,Agender,77.94.48.173,Corolla,Shalinskoye,Russia,663510,Civil Engineer,S
246,Cass,Yeoman,cyeoman6t@uiuc.edu,Female,3.244.125.225,Mazdaspeed 3,Laiponda,Indonesia,,Computer Systems Analyst III,XL
247,Bertrand,Lupton,blupton6u@over-blog.com,Male,78.190.41.255,Cougar,Jinhe,China,,Staff Accountant IV,3XL
248,George,Franzonello,gfranzonello6v@yahoo.co.jp,Male,183.207.172.228,Hombre,Zuolan,China,,Financial Analyst,XS
249,Drusy,Blunsum,dblunsum6w@mapy.cz,Female,244.149.75.92,Milan,Tugusirna,Indonesia,,Nurse,XS
250,Pearline,Haswell,phaswell6x@home.pl,Female,8.130.107.62,Millenia,Banjar Dauhmargi,Indonesia,,Structural Analysis Engineer,L
251,Kata,Bader,kbader6y@plala.or.jp,Female,22.83.245.50,Golf,Jaraguá,Brazil,76330-000,Geologist III,S
252,Delbert,Ireson,direson6z@theatlantic.com,Male,12.61.23.215,LHS,Cinagrog Girang,Indonesia,,Nurse Practicioner,3XL
253,Dale,Kiezler,dkiezler70@shutterfly.com,Male,112.234.236.45,Matrix,Memphis,United States,38197,Occupational Therapist,2XL
254,Daffy,Paik,dpaik71@qq.com,Female,124.187.90.108,C-Class,Pakham,Thailand,92000,Payment Adjustment Coordinator,XL
255,Mattie,Erdis,merdis72@omniture.com,Female,157.71.112.152,SM,Cibatu,Indonesia,,Executive Secretary,L
256,Ethyl,Burleton,eburleton73@chronoengine.com,Agender,149.7.0.165,Avalon,Bantry,Ireland,P75,Chemical Engineer,2XL
257,Upton,Solomon,usolomon74@state.gov,Male,131.74.36.137,Corsica,Campo Quijano,Argentina,4407,Budget/Accounting Analyst III,L
258,Ramon,Ailmer,railmer75@cisco.com,Male,121.92.145.7,Mazda3,Mineralnye Vody,Russia,357217,Web Developer II,M
259,Corella,Labin,clabin76@latimes.com,Polygender,246.198.53.113,S4,Daban,China,,Assistant Manager,XL
260,Arel,Proudlock,aproudlock77@tumblr.com,Male,157.239.38.140,LeSabre,Baghdad,Iraq,,Chemical Engineer,3XL
261,Freddi,Audus,faudus78@typepad.com,Female,212.134.46.9,TL,Bakung,Philippines,7505,Paralegal,XL
262,Skippy,Bortolutti,sbortolutti79@samsung.com,Male,31.124.71.92,E150,Kaleybar,Iran,,Executive Secretary,XS
263,Dominica,Croot,dcroot7a@seesaa.net,Female,231.85.155.51,Esteem,Amparafaravola,Madagascar,,Accounting Assistant III,XS
264,Ruddy,MacKaig,rmackaig7b@furl.net,Male,69.34.150.81,Grand Prix,Alfta,Sweden,822 30,Pharmacist,XL
265,Annette,Van De Cappelle,avandecappelle7c@marketwatch.com,Female,56.33.117.39,Outlook,Cishan,China,,Product Engineer,L
266,Iolanthe,Biggs,ibiggs7d@themeforest.net,Female,65.70.179.90,Corvette,Kamnica,Slovenia,2351,Paralegal,XL
267,Misha,Vedikhov,mvedikhov7e@stanford.edu,Female,190.33.180.36,Montero,Žebrák,Czech Republic,263 01,Internal Auditor,S
268,Tiffani,Varah,tvarah7f@lycos.com,Female,239.72.254.67,Town Car,Kowary,Poland,58-530,Financial Advisor,M
269,Andy,Gobeau,agobeau7g@guardian.co.uk,Male,247.64.139.16,Aveo,Gemo,China,,VP Marketing,L
270,Artemas,Frankel,afrankel7h@elpais.com,Male,16.118.198.23,M-Class,Carvalho,Portugal,4605-425,Database Administrator III,S
271,Derek,Burnell,dburnell7i@myspace.com,Male,9.102.118.190,Venza,James Craik,Argentina,5984,VP Quality Control,L
272,Odella,Josskowitz,ojosskowitz7j@vk.com,Female,42.231.109.210,Grand Marquis,Goght’,Armenia,,Structural Analysis Engineer,XS
273,Margie,Lewson,mlewson7k@smh.com.au,Female,58.224.200.53,Envoy,Wakefield,Jamaica,,Chemical Engineer,S
274,Ingram,Eustanch,ieustanch7l@prlog.org,Male,27.103.158.223,Econoline E150,Tiébo,Senegal,,Chief Design Engineer,3XL
275,Karin,Rosendorf,krosendorf7m@surveymonkey.com,Female,190.219.181.255,SRX,Singkir,Indonesia,,VP Product Management,S
276,Winni,Kiendl,wkiendl7n@wix.com,Female,208.144.28.213,Sidekick,Dukuhbadag,Indonesia,,VP Accounting,M
277,Cullen,Tubb,ctubb7o@purevolume.com,Male,85.164.200.246,SLK-Class,Kuybyshevskiy Zaton,Russia,422826,Editor,M
278,Linet,Frankiewicz,lfrankiewicz7p@mit.edu,Non-binary,148.32.177.88,4Runner,Tigbinan,Philippines,1426,Data Coordiator,S
279,Devin,McAlinden,dmcalinden7q@ifeng.com,Male,111.9.178.238,Corvette,Potrerillos Arriba,Panama,,Accountant IV,L
280,Bobbie,Scriver,bscriver7r@businessweek.com,Female,208.83.162.29,MDX,Jasionów,Poland,36-212,Research Assistant II,XL
281,Maryrose,Grim,mgrim7s@mysql.com,Female,87.104.236.184,XC70,Kinh Môn,Vietnam,,Desktop Support Technician,L
282,Conan,Ramsier,cramsier7t@google.ca,Male,161.122.98.135,Express 2500,Doksy,Czech Republic,472 01,VP Accounting,L
283,Julianne,Lowman,jlowman7u@themeforest.net,Female,131.78.96.127,Edge,Shāhpur Chākar,Pakistan,72121,Web Designer I,L
284,Alissa,Meakin,ameakin7v@alexa.com,Female,95.151.40.37,Golf III,Mbumi,Tanzania,,Programmer Analyst III,M
285,Terri,Wrinch,twrinch7w@hud.gov,Female,162.141.187.7,98,Concepcion,Philippines,7213,Graphic Designer,XS
286,Alyssa,Zincke,azincke7x@tmall.com,Female,195.230.58.134,L300,Quezon City,Philippines,5312,Environmental Specialist,S
287,Bond,Guerrieri,bguerrieri7y@forbes.com,Genderqueer,154.9.196.82,6 Series,Santo Antônio do Içá,Brazil,69680-000,Senior Editor,S
288,Ludvig,Mecco,lmecco7z@vk.com,Genderqueer,157.48.178.49,Touareg 2,Xinji,China,,Human Resources Assistant II,3XL
289,Judon,Swaile,jswaile80@deviantart.com,Genderfluid,185.29.230.186,900,Cimanggu,Indonesia,,Project Manager,S
290,Eada,Middle,emiddle81@g.co,Female,47.137.50.65,Sierra 2500HD,Tessaoua,Niger,,Senior Developer,M
291,Chaddy,Iannetti,ciannetti82@slate.com,Male,92.151.20.35,Express 1500,Liulin,China,,Technical Writer,XS
292,Fey,Van der Baaren,fvanderbaaren83@surveymonkey.com,Female,185.223.53.145,Grand Prix,Mahe,China,,Biostatistician III,L
293,Zea,Latey,zlatey84@cyberchimps.com,Female,228.16.178.223,C/V,Ambato Boeny,Madagascar,,Software Test Engineer I,2XL
294,Rosalynd,Girardet,rgirardet85@bloglines.com,Female,87.39.211.204,Century,Prosperous,Ireland,R14,Senior Editor,M
295,Gardy,Slot,gslot86@ebay.co.uk,Male,204.138.128.240,ES,Patambuco,Peru,,Marketing Assistant,XL
296,Melesa,Bown,mbown87@nps.gov,Female,156.118.244.18,Wrangler,Rzyki,Poland,34-125,Operator,XL
297,Marie-jeanne,Blanden,mblanden88@bbb.org,Female,57.228.25.175,Ciera,Port Saint John’s,South Africa,6625,Nurse Practicioner,S
298,Osborn,Matheson,omatheson89@merriam-webster.com,Male,189.67.183.56,Yukon,Fastovetskaya,Russia,352101,Director of Sales,M
299,Jennie,MacKaig,jmackaig8a@rakuten.co.jp,Female,151.214.187.220,Stratus,Hedaru,Tanzania,,Structural Engineer,3XL
300,Rowe,Drust,rdrust8b@samsung.com,Female,15.251.89.7,XK,Goúrnes,Greece,,Legal Assistant,M
301,Kirbee,Ferreres,kferreres8c@studiopress.com,Female,198.110.110.38,Tercel,Mas‘adah,Syria,,Senior Financial Analyst,XL
302,Morry,Brawley,mbrawley8d@mlb.com,Male,0.4.36.213,C-Class,Zhongzhang,China,,Staff Scientist,2XL
303,Vonnie,McCaskill,vmccaskill8e@yolasite.com,Non-binary,174.26.45.165,Vitara,Yaring,Thailand,94150,Programmer Analyst III,M
304,Gwyneth,Lockey,glockey8f@mozilla.org,Female,129.87.70.116,California,Saraza,Philippines,2804,Payment Adjustment Coordinator,S
305,Alison,Borwick,aborwick8g@ycombinator.com,Female,164.182.245.80,S40,Dagupan,Philippines,5603,Teacher,3XL
306,Ferrell,Hastwall,fhastwall8h@webs.com,Male,114.184.1.240,I,Rio de Mouro,Portugal,2635-034,Desktop Support Technician,M
307,Federica,Cromie,fcromie8i@addthis.com,Female,108.244.184.28,B-Series,Uppsala,Sweden,754 20,Pharmacist,S
308,Raynard,Gudahy,rgudahy8j@ebay.com,Male,227.44.88.177,911,Qianshan,China,,Professor,L
309,Henka,Saddington,hsaddington8k@google.com,Female,98.156.118.149,RAV4,Beroroha,Madagascar,,Technical Writer,S
310,Jennee,Sarra,jsarra8l@hugedomains.com,Female,79.134.93.232,Crown Victoria,Al Jumaylīyah,Qatar,,Information Systems Manager,M
311,Sly,Shemilt,sshemilt8m@deviantart.com,Male,40.192.12.199,S6,Ḑawrān ad Daydah,Yemen,,Dental Hygienist,XS
312,Caty,McGrah,cmcgrah8n@sciencedirect.com,Female,146.127.93.148,Z4 M Roadster,Dve Mogili,Bulgaria,7159,Occupational Therapist,XS
313,Yorgo,Corness,ycorness8o@hibu.com,Male,79.50.112.247,CX-9,Le Mans,France,72100,Environmental Tech,XS
314,Trixie,Karpinski,tkarpinski8p@npr.org,Female,172.124.30.30,Aveo,Jalālābād,Afghanistan,,Account Executive,M
315,Lucy,Loving,lloving8q@constantcontact.com,Female,100.109.79.57,SL-Class,Shiroishi,Japan,963-7856,Speech Pathologist,2XL
316,Nolana,Beidebeke,nbeidebeke8r@goo.ne.jp,Female,218.153.0.211,Corvette,Fujia,China,,Technical Writer,2XL
317,Hubey,Minchella,hminchella8s@flickr.com,Male,255.144.202.34,Thunderbird,Al Ḩusayn,Yemen,,Software Consultant,XL
318,Krista,Wafer,kwafer8t@skyrock.com,Female,173.157.146.143,6000,Beixiang,China,,Food Chemist,XL
319,Delainey,Paulisch,dpaulisch8u@studiopress.com,Male,200.19.251.92,Mystique,Luoyang,China,,Social Worker,3XL
320,Jenn,Akister,jakister8v@nationalgeographic.com,Non-binary,96.199.135.137,H3,Isanlu Itedoijowa,Nigeria,,VP Marketing,2XL
321,Rhianna,Bosward,rbosward8w@prweb.com,Female,211.249.71.44,Excel,Colotenango,Guatemala,13019,Accounting Assistant IV,M
322,Niki,Cumpsty,ncumpsty8x@diigo.com,Female,143.15.80.155,Solara,Boa Vista,Brazil,69300-000,Help Desk Technician,2XL
323,Edan,Blunsom,eblunsom8y@ask.com,Male,205.109.178.215,S6,The Valley,Anguilla,,Recruiting Manager,S
324,Verene,Taudevin,vtaudevin8z@infoseek.co.jp,Female,244.50.65.225,Fairlane,Bosanski Šamac,Bosnia and Herzegovina,,Research Associate,S
325,Tiffany,Suett,tsuett90@newyorker.com,Female,30.238.245.248,Caravan,Limushan,China,,VP Quality Control,XS
326,Noble,Ayliff,nayliff91@spotify.com,Male,25.228.82.202,Eldorado,Pragen Selatan,Indonesia,,Compensation Analyst,S
327,Frannie,Beahan,fbeahan92@digg.com,Male,220.44.8.19,Compass,Baitouli,China,,Chief Design Engineer,L
328,Hyacinthia,Peterkin,hpeterkin93@google.com.br,Female,134.215.40.231,626,Camgyai,China,,Professor,L
329,Dreddy,Warrillow,dwarrillow94@lycos.com,Female,103.27.74.32,Beretta,Shipaidong,China,,Accounting Assistant III,XL
330,Mason,Towey,mtowey95@nytimes.com,Male,8.146.100.131,911,Újezd,Czech Republic,789 85,Civil Engineer,3XL
331,Esmeralda,Mathonnet,emathonnet96@feedburner.com,Female,80.176.62.8,E-Class,Polańczyk,Poland,38-610,Senior Cost Accountant,2XL
332,Halette,Robbings,hrobbings97@quantcast.com,Female,170.166.209.202,SLR McLaren,Haoraoshan,China,,Actuary,3XL
333,Elsbeth,Folonin,efolonin98@gnu.org,Female,91.69.29.197,Tribute,Venezia,Italy,30132,Dental Hygienist,M
334,Fedora,Basile,fbasile99@1und1.de,Female,24.131.192.152,V70,Šenov,Czech Republic,739 34,Computer Systems Analyst II,M
335,Stuart,Fewings,sfewings9a@cocolog-nifty.com,Male,67.251.200.119,Interceptor,Sayama,Japan,754-0894,VP Marketing,3XL
336,Allison,McKitterick,amckitterick9b@netvibes.com,Female,132.69.23.3,Ram 1500,Lukou,China,,Electrical Engineer,XS
337,Antonetta,MacLoughlin,amacloughlin9c@vkontakte.ru,Female,190.124.22.246,Corvette,Sanchahe,China,,Tax Accountant,XS
338,Cheri,Bach,cbach9d@last.fm,Female,100.101.214.140,Ram 1500 Club,Samdo,China,,Professor,XL
339,Katharine,Sighard,ksighard9e@parallels.com,Female,124.19.197.242,Jetta,Maracaibo,Venezuela,,Business Systems Development Analyst,XS
340,Bobbette,Dockwra,bdockwra9f@arstechnica.com,Female,125.93.209.178,Tacoma,Ragay,Philippines,4410,Cost Accountant,XS
341,Clio,Robertis,crobertis9g@sun.com,Female,235.216.245.104,M5,Profítis Ilías,Greece,,Design Engineer,XL
342,Ellsworth,Jann,ejann9h@answers.com,Male,222.220.243.66,Monte Carlo,Temblador,Venezuela,,VP Quality Control,S
343,Kristine,Norway,knorway9i@cdbaby.com,Female,226.135.17.115,Odyssey,Kuala Lumpur,Malaysia,50933,Sales Associate,XS
344,Virgil,Toop,vtoop9j@amazonaws.com,Male,106.145.104.118,HHR Panel,San Rafael,Mexico,58910,Software Consultant,XS
345,Brynn,Chevis,bchevis9k@github.io,Female,237.251.118.24,Avalon,Kasturi,Indonesia,,Help Desk Operator,XL
346,Patricia,Khomishin,pkhomishin9l@nationalgeographic.com,Genderfluid,37.37.238.8,Flex,Colcabamba,Peru,,Marketing Assistant,2XL
347,Nathanael,Mold,nmold9m@umn.edu,Polygender,108.184.193.107,Stealth,Baiyang,China,,Staff Accountant II,L
348,Alyssa,Selley,aselley9n@trellian.com,Female,17.219.136.249,300SE,Takikawa,Japan,503-0625,Assistant Manager,XS
349,Adolf,Bulleyn,abulleyn9o@de.vu,Male,100.170.246.112,Frontier,Choros,Peru,,Quality Engineer,3XL
350,Giraud,Boothby,gboothby9p@altervista.org,Male,52.241.82.125,RAV4,New Bedford,United States,02745,Environmental Specialist,XS
351,Stormi,Granleese,sgranleese9q@bloomberg.com,Female,237.49.25.44,Crown Victoria,Iwata,Japan,925-0145,Chemical Engineer,S
352,Adamo,Paxeford,apaxeford9r@geocities.jp,Male,223.161.48.15,Envoy,Sodankylä,Finland,99601,Nurse Practicioner,S
353,Tanya,Hellin,thellin9s@rakuten.co.jp,Female,251.86.14.61,I,Xinshichang,China,,Food Chemist,3XL
354,Saxe,Officer,sofficer9t@list-manage.com,Male,221.77.54.134,Pathfinder,Mashi,Nigeria,,Product Engineer,L
355,Ollie,Blewis,oblewis9u@earthlink.net,Male,155.59.221.237,Navigator,Stronie,Poland,34-145,Engineer III,L
356,Mahmoud,Petrie,mpetrie9v@github.io,Male,255.73.9.82,626,Vila Verde,Portugal,4560-221,Legal Assistant,S
357,Phillipe,MacMaster,pmacmaster9w@google.nl,Male,178.172.219.254,Celica,Palon,Indonesia,,Human Resources Assistant IV,M
358,Joelynn,Arendt,jarendt9x@ifeng.com,Female,10.168.186.101,GTI,Owen Sound,Canada,N4K,Senior Sales Associate,2XL
359,Dara,Leftley,dleftley9y@tiny.cc,Female,30.247.88.182,Quest,Västerås,Sweden,721 27,Web Designer IV,L
360,Jaimie,Bonner,jbonner9z@princeton.edu,Male,80.126.33.69,Grand Cherokee,L'Île-Perrot,Canada,H9X,VP Accounting,XL
361,Bryn,Harnor,bharnora0@webnode.com,Male,177.57.125.135,QX,Bago City,Philippines,6101,Analog Circuit Design manager,2XL
362,Velma,Bilt,vbilta1@nhs.uk,Female,154.11.112.107,Insight,Río Segundo,Argentina,5972,Product Engineer,XL
363,Casandra,Gullick,cgullicka2@livejournal.com,Female,26.212.252.33,Nubira,Gbawe,Ghana,,Technical Writer,XS
364,Cece,Mogg,cmogga3@thetimes.co.uk,Male,31.209.149.93,Grand Marquis,Ruchihe,China,,Graphic Designer,L
365,Yoshi,Coldwell,ycoldwella4@typepad.com,Female,163.148.42.188,Corvette,Tanniu,China,,Engineer I,2XL
366,Derrik,Leabeater,dleabeatera5@intel.com,Male,67.100.41.89,Trans Sport,Aglipay,Philippines,3403,Database Administrator II,S
367,Jeniece,Braundt,jbraundta6@howstuffworks.com,Female,239.97.169.240,3 Series,Pak Chong,Thailand,30130,Occupational Therapist,L
368,Corella,Billam,cbillama7@apple.com,Female,204.231.154.246,E-Class,Saba Yoi,Thailand,67140,Biostatistician IV,XS
369,Karrah,Coghlin,kcoghlina8@smh.com.au,Female,204.149.64.96,Passat,Alchevs’k,Ukraine,,Senior Cost Accountant,3XL
370,Craig,Royds,croydsa9@jigsy.com,Male,149.187.248.96,LeMans,Storuman,Sweden,923 24,Desktop Support Technician,2XL
371,Paulette,Noone,pnooneaa@dion.ne.jp,Female,29.70.135.31,Talon,Mahābād,Iran,,Account Representative II,M
372,Michal,Wilfling,mwilflingab@redcross.org,Female,51.130.3.87,928,Varna,Serbia,,VP Product Management,XS
373,Martita,Strippel,mstrippelac@yale.edu,Non-binary,237.229.242.61,Ciera,Měcholupy,Czech Republic,439 31,Electrical Engineer,2XL
374,Tommie,Connors,tconnorsad@netscape.com,Female,15.46.116.203,Sonata,Balengbeng,Indonesia,,Technical Writer,2XL
375,Burgess,Laverack,blaverackae@scientificamerican.com,Male,97.96.175.60,Pajero,Al Qurayshīyah,Yemen,,Design Engineer,3XL
376,Elvina,Moro,emoroaf@over-blog.com,Female,48.219.152.234,Sonoma Club Coupe,Corpus Christi,United States,78410,Computer Systems Analyst IV,2XL
377,Faina,Lainton,flaintonag@oracle.com,Female,0.238.135.49,Cougar,Leles,Indonesia,,Senior Editor,XL
378,Arvy,Yerill,ayerillah@cdbaby.com,Male,66.221.222.225,Blazer,Saint-Herblain,France,44815 CEDEX,Social Worker,XL
379,Ewan,Pinckney,epinckneyai@tmall.com,Genderqueer,99.235.80.163,1500 Club Coupe,Loznitsa,Bulgaria,7292,Financial Analyst,3XL
380,Filbert,Creany,fcreanyaj@indiatimes.com,Male,4.198.75.145,Achieva,Tena,Ecuador,,Human Resources Assistant I,3XL
381,Joye,Bosman,jbosmanak@cnn.com,Female,220.44.51.148,STS,Fucun,China,,VP Marketing,2XL
382,Celine,Abramovic,cabramovical@loc.gov,Female,221.232.228.191,A3,Khŭjand,Tajikistan,,Financial Advisor,3XL
383,Pris,Iacovini,piacoviniam@blog.com,Female,4.14.68.104,Explorer Sport,Krajan Tengah,Indonesia,,Business Systems Development Analyst,3XL
384,Thedrick,Slocombe,tslocombean@sun.com,Male,5.139.254.54,XK Series,Kedungwringin Satu,Indonesia,,Human Resources Manager,S
385,Levy,Minards,lminardsao@digg.com,Male,162.70.39.221,Montero Sport,Krasnokholmskiy,Russia,452857,Account Coordinator,L
386,Kristoforo,Runge,krungeap@dagondesign.com,Male,54.65.190.242,S-Class,Oslo,Norway,0376,Editor,L
387,Hurleigh,Geany,hgeanyaq@goodreads.com,Male,42.142.38.132,RAV4,Campina Grande do Sul,Brazil,83430-000,Mechanical Systems Engineer,3XL
388,Ernesta,Linnane,elinnanear@de.vu,Female,242.144.154.125,CR-Z,Shichuan,China,,Research Associate,3XL
389,Van,Freegard,vfreegardas@theguardian.com,Female,236.58.39.54,Daewoo Magnus,Xiaoshi,China,,Civil Engineer,L
390,Romola,Lovie,rlovieat@pinterest.com,Female,48.35.206.47,Grand Marquis,Lazaro Cardenas,Mexico,40977,Tax Accountant,L
391,Sydney,Ambrogiotti,sambrogiottiau@google.com,Male,135.208.41.25,Ram Wagon B350,Yulin,China,,Assistant Manager,S
392,Netti,Henighan,nhenighanav@360.cn,Female,170.1.13.62,Venza,Hou’an,China,,Design Engineer,XL
393,Darryl,Goodacre,dgoodacreaw@ycombinator.com,Genderfluid,3.206.119.102,240SX,Biwer,Luxembourg,L-6834,Sales Associate,XS
394,Magnum,Porkiss,mporkissax@thetimes.co.uk,Male,66.161.117.148,G25,Stockholm,Sweden,103 16,Recruiter,M
395,Kerry,Gaddie,kgaddieay@usnews.com,Female,71.141.206.47,Sedona,Le Mans,France,72029 CEDEX 2,Account Representative IV,3XL
396,Samaria,Yellop,syellopaz@guardian.co.uk,Female,184.93.86.72,Grand Marquis,Ualog,Philippines,1703,Quality Control Specialist,M
397,Kristan,Withnall,kwithnallb0@bluehost.com,Female,18.51.69.108,Continental Mark VII,Emar,Russia,169635,Professor,M
398,Dewey,Parmley,dparmleyb1@printfriendly.com,Male,242.192.253.138,929,Matara,Sri Lanka,81000,Chemical Engineer,3XL
399,Nanice,Fidelli,nfidellib2@1und1.de,Female,146.203.228.29,5 Series,Āzādshahr,Iran,,Clinical Specialist,XL
400,Fletcher,Habbert,fhabbertb3@parallels.com,Male,72.97.204.179,Clubman,Bakungan,Indonesia,,Internal Auditor,XS
401,Andreana,Gerbel,agerbelb4@goo.ne.jp,Female,165.10.6.35,Escort,Alpedrinha,Portugal,6230-060,Legal Assistant,S
402,Cthrine,Trustie,ctrustieb5@goo.ne.jp,Female,32.147.173.89,Express 2500,Kazinka,Russia,162811,Research Nurse,2XL
403,Nanette,O'Carran,nocarranb6@china.com.cn,Female,145.46.176.235,E-Class,Nunsena,Indonesia,,Assistant Media Planner,XL
404,Allina,MacRanald,amacranaldb7@altervista.org,Female,151.60.146.90,Truck,Grand Bank,Canada,E8K,Accountant IV,S
405,Anstice,Quenell,aquenellb8@example.com,Female,97.31.181.250,Pajero,Paris La Défense,France,92980 CEDEX,Senior Cost Accountant,L
406,Leonidas,Emor,lemorb9@pbs.org,Male,52.135.255.72,M6,Peñarrubia,Philippines,2804,Community Outreach Specialist,S
407,Matthew,Peeke,mpeekeba@uol.com.br,Male,84.250.248.31,LeMans,Gataivai,Samoa,,Safety Technician IV,S
408,Britt,Denney,bdenneybb@livejournal.com,Female,87.234.196.58,Accord,Smyga,Ukraine,,Environmental Specialist,S
409,Leonore,Hartup,lhartupbc@ustream.tv,Female,189.124.145.180,Avenger,Newark,United States,19714,Statistician II,XL
410,Augustus,Peasnone,apeasnonebd@constantcontact.com,Male,231.167.18.171,Silverado 3500,Yacheng,China,,Sales Associate,S
411,Myca,Leger,mlegerbe@ebay.com,Male,176.39.255.28,Viper RT/10,Puzi,China,,Business Systems Development Analyst,S
412,Ebonee,Feechan,efeechanbf@goo.ne.jp,Female,246.80.88.213,Sequoia,Sîr ed Danniyé,Lebanon,,Software Consultant,3XL
413,Ase,Pozzi,apozzibg@newyorker.com,Male,124.104.95.210,Rally Wagon 3500,Jiulong,China,,Legal Assistant,XL
414,Chandler,Curwen,ccurwenbh@technorati.com,Male,29.226.79.85,GTO,Bunog,Philippines,4801,Sales Representative,XL
415,Issi,Dallinder,idallinderbi@vkontakte.ru,Genderqueer,32.115.118.14,Fusion,Korets’,Ukraine,,Structural Analysis Engineer,XS
416,Wini,Szanto,wszantobj@goo.gl,Female,8.220.77.147,Tundra,La Tinguiña,Peru,,Senior Financial Analyst,S
417,Freemon,Spears,fspearsbk@gizmodo.com,Male,169.23.172.101,Accord,Rolândia,Brazil,86600-000,Human Resources Assistant II,L
418,May,Wartonby,mwartonbybl@netvibes.com,Female,4.112.68.96,Cooper Clubman,Yubileynyy,Russia,618284,Programmer Analyst IV,S
419,Lily,Wahner,lwahnerbm@psu.edu,Female,34.170.214.119,F450,Chattanooga,United States,37416,Account Executive,3XL
420,Eben,Camili,ecamilibn@uol.com.br,Male,174.199.31.84,Metro,Emiliano Zapata,Mexico,92773,Accountant I,3XL
421,Maxwell,Nutley,mnutleybo@wiley.com,Male,191.114.218.151,H3,Agen,France,47912 CEDEX 9,VP Sales,2XL
422,Judie,Sumpton,jsumptonbp@cam.ac.uk,Female,42.171.13.196,Neon,Ansongo,Mali,,Account Representative IV,XS
423,Basilio,Glozman,bglozmanbq@fotki.com,Male,41.221.2.211,Minx Magnificent,Palma De Mallorca,Spain,07015,Pharmacist,L
424,Briana,Playdon,bplaydonbr@cargocollective.com,Female,33.221.10.16,Sportage,El Tambo,Colombia,522068,Business Systems Development Analyst,S
425,Kennett,Placide,kplacidebs@geocities.jp,Genderfluid,38.8.12.111,Quest,La Sabana,Honduras,,Environmental Tech,3XL
426,Jordon,Baudinet,jbaudinetbt@yelp.com,Male,176.8.125.185,Tribeca,Złotów,Poland,77-400,Food Chemist,L
427,Vina,Wingfield,vwingfieldbu@miitbeian.gov.cn,Female,211.189.11.49,LeSabre,Psará,Greece,,Statistician IV,M
428,Iseabal,Pendell,ipendellbv@ebay.com,Female,84.220.205.30,Spectra,Khisarya,Bulgaria,4180,Help Desk Technician,L
429,Sybyl,Sedgmond,ssedgmondbw@ezinearticles.com,Female,172.248.11.119,Elantra,Kauit,Philippines,1102,Community Outreach Specialist,XL
430,Roxie,Stebbings,rstebbingsbx@go.com,Female,205.33.15.44,Mustang,Chadiza,Zambia,,Software Consultant,S
431,Teodora,Hazeldine,thazeldineby@nytimes.com,Polygender,129.246.61.201,Sephia,Sabi,Gambia,,Database Administrator III,XS
432,Gloria,Fortnum,gfortnumbz@phpbb.com,Female,238.60.208.38,Escort,Soledar,Ukraine,,Chemical Engineer,XS
433,Stesha,Corhard,scorhardc0@arstechnica.com,Female,87.167.105.179,Contour,Shōbu,Japan,365-0023,Budget/Accounting Analyst III,L
434,Julianna,Gabites,jgabitesc1@china.com.cn,Female,197.1.217.71,Dakota Club,Albacete,Spain,02070,Mechanical Systems Engineer,XS
435,Candida,Stoyles,cstoylesc2@un.org,Female,179.117.244.10,XLR,Kauit,Philippines,1102,VP Quality Control,XL
436,Rem,Romeuf,rromeufc3@seattletimes.com,Male,93.3.123.4,V70,Blimbing,Indonesia,,Technical Writer,S
437,Vivien,Parrott,vparrottc4@ocn.ne.jp,Female,15.178.29.206,Savana,Ya’ergenchu,China,,Staff Scientist,XL
438,Rebekkah,Mitchard,rmitchardc5@creativecommons.org,Female,28.209.183.81,tC,Facatativá,Colombia,253017,VP Marketing,XL
439,Betsey,Ingleton,bingletonc6@joomla.org,Female,164.103.87.48,Altima,Neẖalim,Israel,,Software Test Engineer I,L
440,Chico,Civitillo,ccivitilloc7@seattletimes.com,Male,117.49.167.169,Commander,Ngrejo,Indonesia,,Occupational Therapist,M
441,Orsa,Coughtrey,ocoughtreyc8@whitehouse.gov,Female,229.56.108.194,Murciélago,Sezures,Portugal,3550-286,Legal Assistant,3XL
442,Town,Kamiyama,tkamiyamac9@google.ru,Male,143.178.37.33,Vibe,Independencia,Mexico,89759,Senior Quality Engineer,S
443,Edgardo,Duplain,eduplainca@vk.com,Male,153.101.53.151,CX-9,Kristinehamn,Sweden,681 84,Software Consultant,2XL
444,Raimundo,Bonhan,rbonhancb@github.io,Male,81.89.112.174,Cayenne,Alejo Ledesma,Argentina,2662,Editor,XS
445,Teresa,Loche,tlochecc@uiuc.edu,Female,212.50.213.1,Escalade,Balun,Indonesia,,Associate Professor,XL
446,Dorelia,Dominico,ddominicocd@163.com,Female,21.118.178.40,Tempest,Dingyan,China,,Occupational Therapist,3XL
447,Cullen,Casswell,ccasswellce@goo.gl,Male,60.56.195.51,Cobalt SS,Lhuentse,Bhutan,,Research Nurse,2XL
448,Genny,Riha,grihacf@walmart.com,Female,244.95.38.124,240,Karangwaru,Indonesia,,Sales Representative,XL
449,Gardiner,Windross,gwindrosscg@reuters.com,Male,221.114.95.191,GTO,Dagang,China,,Software Consultant,XS
450,Heidie,Durant,hdurantch@yahoo.co.jp,Female,135.3.0.32,Tracer,Al Manşūrah,Syria,,Senior Sales Associate,L
451,Cornie,Ewbank,cewbankci@hud.gov,Genderqueer,223.212.108.87,Silverado 3500,Quemú Quemú,Argentina,3240,Librarian,XS
452,Devora,Lambillion,dlambillioncj@soundcloud.com,Female,23.251.123.119,Aerio,Krajan Jabungcandi,Indonesia,,Senior Editor,3XL
453,Octavius,Stihl,ostihlck@technorati.com,Male,227.216.79.74,CR-V,Spandaryan,Armenia,,Community Outreach Specialist,XL
454,Cinderella,Lewsy,clewsycl@lulu.com,Female,251.82.241.249,Cougar,Tunggulsari,Indonesia,,Actuary,M
455,Leo,Genese,lgenesecm@fema.gov,Male,208.64.97.175,Fusion,Pátmos,Greece,,Marketing Manager,2XL
456,Alasteir,Hedgeley,ahedgeleycn@naver.com,Male,1.161.149.16,Corolla,Padangtepung,Indonesia,,Librarian,XS
457,Anjela,Haskayne,ahaskayneco@stumbleupon.com,Female,64.91.238.140,Intrepid,Sakule,Serbia,,Paralegal,XS
458,Theobald,Goodfellow,tgoodfellowcp@123-reg.co.uk,Male,138.173.197.127,Ranger,‘Anātā,Palestinian Territory,,Clinical Specialist,S
459,Aluin,Swindall,aswindallcq@shop-pro.jp,Non-binary,193.183.255.64,8 Series,Kecskemét,Hungary,6004,Recruiting Manager,S
460,Merilyn,MacKessock,mmackessockcr@exblog.jp,Agender,98.169.186.56,Sebring,Wentugaole,China,,Food Chemist,XS
461,Kandace,Woolens,kwoolenscs@sun.com,Female,57.215.70.222,Frontier,Verenchanka,Ukraine,,Accountant II,L
462,Ara,Maraga,amaragact@economist.com,Female,60.66.45.179,6 Series,Kulevcha,Ukraine,,Human Resources Assistant I,XS
463,Elspeth,Lyfield,elyfieldcu@biblegateway.com,Female,83.102.45.168,Passat,Tabogon,Philippines,6009,Electrical Engineer,XL
464,Aldin,Eckels,aeckelscv@statcounter.com,Male,56.254.117.132,Fortwo,Shujāābād,Pakistan,22161,Structural Analysis Engineer,XL
465,Rockwell,Jehaes,rjehaescw@princeton.edu,Male,7.145.21.119,RX-8,Al Bawīţī,Egypt,,Physical Therapy Assistant,L
466,Florette,Penson,fpensoncx@nydailynews.com,Female,13.211.63.111,NSX,Shikhazany,Russia,429315,Budget/Accounting Analyst I,S
467,De,Tapping,dtappingcy@goo.ne.jp,Non-binary,215.240.72.255,Z3,Ciparay,Indonesia,,Human Resources Manager,XS
468,Davin,Skipperbottom,dskipperbottomcz@themeforest.net,Male,200.39.193.196,Safari,Liaobu,China,,Mechanical Systems Engineer,L
469,Shirleen,Kenington,skeningtond0@mapquest.com,Female,103.227.252.44,S-Class,Herāt,Afghanistan,,Pharmacist,S
470,Sarette,Sorro,ssorrod1@redcross.org,Female,68.56.42.108,Sierra 3500,Kertosari,Indonesia,,Librarian,S
471,Nickie,Paute,npauted2@google.com.hk,Male,232.61.124.13,Impreza,Yigo Village,Guam,96925,Product Engineer,3XL
472,Jordana,Evequot,jevequotd3@tamu.edu,Female,167.133.135.65,Camry,Pirg,Albania,,Teacher,3XL
473,Lorene,Melling,lmellingd4@unblog.fr,Female,135.121.137.67,Swift,Cibinong Satu,Indonesia,,Systems Administrator III,2XL
474,Brenda,Mattson,bmattsond5@bloglovin.com,Agender,109.239.247.187,Probe,Kylmäkoski,Finland,37960,Senior Financial Analyst,L
475,Corabelle,Barthelme,cbarthelmed6@gov.uk,Female,198.225.153.213,Vibe,Campos,Brazil,38250-000,Professor,XL
476,Elbertina,Brisley,ebrisleyd7@uol.com.br,Female,202.209.83.115,Insight,Koba,Indonesia,,Administrative Officer,S
477,Jacinta,Dowdall,jdowdalld8@domainmarket.com,Female,224.22.153.248,Aerio,Bandhagen,Sweden,124 64,Financial Analyst,S
478,Ralph,Jaram,rjaramd9@theglobeandmail.com,Male,79.193.146.172,Festiva,Bous,Luxembourg,L-5408,Project Manager,XL
479,Mattie,Brayne,mbrayneda@sina.com.cn,Male,240.110.165.174,3 Series,Farroupilha,Brazil,95180-000,Financial Analyst,M
480,Alphonso,Asquith,aasquithdb@blog.com,Male,153.85.182.66,Mustang,Ar Riqāmā,Syria,,Assistant Manager,L
481,Godiva,Gough,ggoughdc@microsoft.com,Bigender,14.101.175.167,Edge,Buga,Philippines,5029,Electrical Engineer,2XL
482,Althea,Heam,aheamdd@cargocollective.com,Female,50.0.125.83,Countach,Delães,Portugal,4765-098,GIS Technical Architect,XS
483,Daisie,Vany,dvanyde@vimeo.com,Female,195.65.117.96,GT500,Zlín,Czech Republic,760 01,Pharmacist,M
484,Onida,Ruddell,oruddelldf@dell.com,Non-binary,245.116.250.205,Sorento,Lagunillas,Venezuela,,Quality Engineer,2XL
485,Karisa,Pardue,kparduedg@geocities.com,Female,28.52.135.197,Regal,Portoviejo,Ecuador,,Help Desk Technician,XS
486,Milty,Minero,mminerodh@github.io,Male,199.196.173.16,3500 Club Coupe,Poyang,China,,Data Coordiator,2XL
487,Trefor,Fliege,tfliegedi@google.cn,Male,164.230.64.25,Somerset,Fort Wayne,United States,46857,Nuclear Power Engineer,L
488,Nara,Taverner,ntavernerdj@plala.or.jp,Female,104.132.237.19,Escalade EXT,San Agustín,Colombia,418077,Software Engineer IV,L
489,Aluin,O'Dyvoie,aodyvoiedk@cornell.edu,Male,39.88.143.251,Civic,Buritizeiro,Brazil,39280-000,Automation Specialist III,M
490,Bab,Colquite,bcolquitedl@umich.edu,Non-binary,218.152.192.142,Ranger,Blois,France,41965 CEDEX 9,Sales Representative,L
491,Dave,Swine,dswinedm@dedecms.com,Male,132.70.37.76,STS,Bejuco,Costa Rica,50906,Geological Engineer,M
492,Gill,Westmorland,gwestmorlanddn@jigsy.com,Male,190.90.63.251,Volt,Si Satchanalai,Thailand,64130,Business Systems Development Analyst,2XL
493,Pancho,Cleveley,pcleveleydo@washingtonpost.com,Male,165.164.174.34,riolet,Hovtamej,Armenia,,Account Coordinator,S
494,Ford,Creeghan,fcreeghandp@spotify.com,Male,46.30.154.151,GTO,Tiehe,China,,GIS Technical Architect,XS
495,Harriott,Sporgeon,hsporgeondq@indiatimes.com,Female,124.87.76.33,Outback,Tomislavgrad,Bosnia and Herzegovina,,Electrical Engineer,3XL
496,Fanya,Troni,ftronidr@businessweek.com,Female,207.136.116.16,Escalade,Preserje pri Radomljah,Slovenia,1241,Design Engineer,2XL
497,Frankie,Bromige,fbromigeds@lycos.com,Male,190.96.162.140,Sierra 2500,Xinzha,China,,Physical Therapy Assistant,2XL
498,Debbi,Piborn,dpiborndt@addthis.com,Female,185.172.96.150,MX-5,Kendalrejo,Indonesia,,Dental Hygienist,3XL
499,Marcille,Jennings,mjenningsdu@engadget.com,Female,64.165.10.2,Sonata,Suez,Egypt,,Senior Editor,L
500,Boigie,Jahnel,bjahneldv@loc.gov,Male,94.221.118.193,Tercel,Loma Bonita,Mexico,52740,Systems Administrator II,3XL
