id,first_name,last_name,email,gender,ip_address,car_model,city,country,postalcode,jobtittle,shirt_size
1,Lenka,Patton,lpatton0@house.gov,Female,97.9.68.105,Tempo,Krajan Suko Kidul,Indonesia,,Software Test Engineer IV,M
2,Waylen,Ollin,wollin1@quantcast.com,Agender,55.15.199.114,Aurora,Bin Yauri,Nigeria,,Mechanical Systems Engineer,XL
3,Amaleta,Edgar,aedgar2@theglobeandmail.com,Female,226.67.218.209,Sunfire,Daliciasao,Philippines,6109,Teacher,3XL
4,Brett,Aglione,baglione3@miibeian.gov.cn,Male,176.170.139.104,Leone,Fuming,China,,Electrical Engineer,M
5,Estevan,Iskov,eiskov4@nps.gov,Male,207.137.118.203,Mighty Max,Pefkochóri,Greece,,Software Test Engineer IV,L
6,Aubrie,Statersfield,astatersfield5@gizmodo.com,Female,105.1.22.164,Century,Los Angeles,United States,90045,Automation Specialist III,XS
7,Rhea,Lawlee,rlawlee6@elpais.com,Female,97.107.150.168,B-Series Plus,Pérama,Greece,,Quality Engineer,2XL
8,Cobbie,Armatidge,carmatidge7@prnewswire.com,Male,63.200.174.49,G3,Nariño,Colombia,252837,Cost Accountant,XS
9,Cassius,Liston,cliston8@macromedia.com,Male,22.2.211.41,Club Wagon,Cam Lộ,Vietnam,,Assistant Professor,S
10,Erminie,Leynagh,eleynagh9@histats.com,Bigender,110.249.147.222,G-Series G20,Batangtoru,Indonesia,,Senior Financial Analyst,S
11,Humbert,Whyte,hwhytea@businesswire.com,Male,117.158.84.218,Gallardo,Kuala Terengganu,Malaysia,20916,Editor,2XL
12,Rebeca,Kubas,rkubasb@china.com.cn,Female,221.110.181.255,Mazda3,Valerianovsk,Russia,624365,Senior Financial Analyst,2XL
13,Venita,MacGilrewy,vmacgilrewyc@nationalgeographic.com,Female,137.120.104.19,CLK-Class,Dohār,Bangladesh,1330,Pharmacist,S
14,Oriana,Deery,odeeryd@tamu.edu,Female,227.158.116.144,X6,Longquan,China,,GIS Technical Architect,S
15,Kristo,Deare,kdearee@chron.com,Male,146.82.82.45,Legend,Jiujiang,China,,Paralegal,3XL
16,Ondrea,Gain,ogainf@businesswire.com,Female,17.156.57.233,CR-V,Rueil-Malmaison,France,92509 CEDEX,Account Representative II,3XL
17,Trevor,Dewdney,tdewdneyg@tiny.cc,Male,49.113.95.54,Cutlass Supreme,Digkilaan,Philippines,9025,Assistant Professor,2XL
18,Darius,Mapples,dmapplesh@photobucket.com,Male,231.57.3.242,Accent,Veřovice,Czech Republic,742 73,Information Systems Manager,XL
19,Harli,Coiley,hcoileyi@etsy.com,Female,115.248.153.202,Sportage,Čačak,Serbia,,Nurse,2XL
20,Cosetta,Reilingen,creilingenj@accuweather.com,Female,71.146.95.84,JUKE,Rosice,Czech Republic,588 33,Research Assistant I,S
21,Alejandro,Pouton,apoutonk@jalbum.net,Male,154.164.66.5,Continental,Zharkent,Kazakhstan,,GIS Technical Architect,M
22,Joella,Bortolutti,jbortoluttil@ow.ly,Female,25.108.74.252,F430,Calais,France,62907 CEDEX,Mechanical Systems Engineer,S
23,Bartlet,Riordan,briordanm@webnode.com,Male,188.205.5.51,Montero,Trincomalee,Sri Lanka,31000,Design Engineer,L
24,Noella,Battrum,nbattrumn@oakley.com,Female,111.66.47.87,New Yorker,Bordeaux,France,33801 CEDEX,Web Designer I,L
25,Laure,O'Tuohy,lotuohyo@rambler.ru,Female,197.129.139.156,Lightning,Stockholm,Sweden,103 04,Human Resources Manager,3XL
26,Annamarie,Byham,abyhamp@youku.com,Female,185.65.227.117,9000,Edsbyn,Sweden,828 25,Payment Adjustment Coordinator,2XL
27,Benito,Cleverly,bcleverlyq@jugem.jp,Male,90.255.201.29,M,Đà Bắc,Vietnam,,VP Accounting,XL
28,Gerrie,Ridder,gridderr@mozilla.org,Male,158.175.129.24,Sorento,San Antonio,United States,78205,Assistant Professor,3XL
29,Perla,Lattie,platties@deliciousdays.com,Female,18.194.133.13,Endeavor,Tongjing,China,,Assistant Manager,XS
30,Suzie,Liven,slivent@bigcartel.com,Female,184.226.53.61,Catera,Zdolbuniv,Ukraine,,Research Associate,XL
31,Leonelle,Millwall,lmillwallu@canalblog.com,Female,226.89.58.191,Jimmy,Bantog,Philippines,2445,Safety Technician IV,3XL
32,Alfonso,Crispe,acrispev@godaddy.com,Male,85.192.218.138,S8,Trzebiatów,Poland,72-321,Speech Pathologist,XL
33,Shelden,MacRonald,smacronaldw@soundcloud.com,Non-binary,62.151.57.239,Suburban 1500,Pitogo,Philippines,7033,Senior Developer,XL
34,Emmerich,Crone,ecronex@engadget.com,Male,129.228.196.178,Park Avenue,Wangcungang,China,,Account Representative IV,3XL
35,Rollo,De Domenici,rdedomeniciy@jimdo.com,Male,153.113.168.29,Sidekick,Futian,China,,Internal Auditor,M
36,Emlyn,Fardon,efardonz@ow.ly,Male,18.131.139.164,Equus,New Orleans,United States,70179,Administrative Officer,2XL
37,Tadeas,Tee,ttee10@hud.gov,Male,127.207.165.46,Camaro,Angoram,Papua New Guinea,,Staff Scientist,L
38,Fernanda,Gabitis,fgabitis11@blogs.com,Female,76.36.248.113,Rondo,Moguqi,China,,VP Sales,L
39,Giacobo,Saiens,gsaiens12@goo.gl,Male,211.248.110.96,Savana 1500,Harar,Ethiopia,,VP Marketing,XS
40,Lancelot,Gerbi,lgerbi13@miitbeian.gov.cn,Male,97.39.241.219,Familia,Dongping,China,,Account Representative II,2XL
41,Monti,Burkin,mburkin14@blogspot.com,Male,74.227.208.121,Avenger,Tawun,Indonesia,,Design Engineer,2XL
42,Shelden,Bosden,sbosden15@google.pl,Male,232.156.200.15,Familia,Las Palmas,Panama,,Graphic Designer,XL
43,Wallie,Carncross,wcarncross16@howstuffworks.com,Female,250.88.98.168,Prius v,Retkovci,Croatia,32282,Senior Quality Engineer,2XL
44,Court,Gallemore,cgallemore17@ebay.com,Male,10.162.167.185,Azera,Kaliska,Poland,83-260,Chief Design Engineer,2XL
45,Jasen,Reubens,jreubens18@adobe.com,Male,232.122.172.80,Navajo,Nikel’,Russia,184421,Sales Associate,2XL
46,Kimmie,Titchard,ktitchard19@soup.io,Female,21.237.251.3,Jetta,Calidñgan,Philippines,1805,Food Chemist,2XL
47,Lay,Heugh,lheugh1a@twitter.com,Male,237.174.36.37,Frontier,Tanakawu Dua,Indonesia,,Assistant Media Planner,3XL
48,Ilario,Edwin,iedwin1b@yolasite.com,Male,72.107.178.129,G5,Anibare,Nauru,,Assistant Media Planner,L
49,Flemming,Deboick,fdeboick1c@netscape.com,Male,68.187.255.1,Intrepid,Verd,Slovenia,1354,Dental Hygienist,3XL
50,Cathrin,Smedmoor,csmedmoor1d@canalblog.com,Female,245.75.62.86,LS,Mamboma,Sierra Leone,,Dental Hygienist,L
51,Brynn,Daniellot,bdaniellot1e@fotki.com,Agender,64.30.158.75,Vibe,Innisfil,Canada,L9S,VP Quality Control,L
52,Christian,Clapham,cclapham1f@chicagotribune.com,Male,69.22.116.172,Rapide,Pitumarca,Peru,,Administrative Officer,S
53,Jdavie,Nudds,jnudds1g@icio.us,Non-binary,64.185.3.33,LeSabre,Estelí,Nicaragua,,Account Executive,M
54,Halley,Jirieck,hjirieck1h@quantcast.com,Female,94.151.30.155,Savana 2500,Reiko,South Korea,,Graphic Designer,S
55,Wood,Leneham,wleneham1i@netlog.com,Male,248.144.102.13,B-Series,Pengjia Zhaizi,China,,Data Coordiator,XS
56,Shantee,Lestrange,slestrange1j@jugem.jp,Female,82.139.232.39,GTI,Kudara-Somon,Russia,671836,Assistant Professor,S
57,Nydia,Carlon,ncarlon1k@wikipedia.org,Female,117.4.95.27,Volt,Galimuyod,Philippines,2709,Account Coordinator,2XL
58,Mathilde,Vondra,mvondra1l@google.co.jp,Female,237.111.91.124,Expedition EL,Delmas,South Africa,2213,VP Product Management,M
59,Nevile,Drewery,ndrewery1m@mayoclinic.com,Male,70.32.224.71,Outlander,Göteborg,Sweden,418 72,Cost Accountant,XS
60,Immanuel,Hammarberg,ihammarberg1n@berkeley.edu,Male,105.212.168.175,A3,Lianyi,China,,Recruiter,L
61,Weston,Cawkill,wcawkill1o@pcworld.com,Male,109.99.220.98,Firefly,Krasnoshchekovo,Russia,658343,Human Resources Assistant II,3XL
62,Ariadne,Sindle,asindle1p@icio.us,Genderfluid,25.76.201.203,XJ Series,Liukou,China,,Community Outreach Specialist,M
63,Roana,Mozzetti,rmozzetti1q@rambler.ru,Female,237.222.98.164,Ram Van 1500,Sulangan,Philippines,1096,Pharmacist,M
64,Wells,Dellit,wdellit1r@illinois.edu,Male,201.2.58.230,300ZX,Kovylkino,Russia,431355,Biostatistician II,XL
65,Yolanthe,Sellors,ysellors1s@cpanel.net,Polygender,223.253.123.22,Venture,Taoyuan,China,,VP Marketing,XL
66,Sharron,Pilsworth,spilsworth1t@google.it,Polygender,231.152.102.243,Savana 1500,Dežanovac,Croatia,43506,Web Designer III,2XL
67,Marcelia,Pflieger,mpflieger1u@spotify.com,Bigender,144.243.175.144,LS,Yushan,China,,Social Worker,XL
68,Aldrich,Courvert,acourvert1v@istockphoto.com,Male,26.231.91.157,Element,Tanggu,China,,Registered Nurse,S
69,Wilmar,Poutress,wpoutress1w@jiathis.com,Male,101.244.86.40,Rio,Pedraza La Vieja,Venezuela,,Media Manager II,S
70,Paton,Dimitrov,pdimitrov1x@constantcontact.com,Male,138.174.184.14,LX,Xincheng,China,,Compensation Analyst,L
71,Dahlia,Lawday,dlawday1y@infoseek.co.jp,Female,231.74.199.9,Rally Wagon 2500,Asenovgrad,Bulgaria,4219,Paralegal,S
72,Wood,Grastye,wgrastye1z@hibu.com,Male,149.190.178.106,Tribeca,Xinwan,China,,VP Sales,L
73,Sharon,Davey,sdavey20@sohu.com,Female,149.6.58.16,Prius,Alejandro Roca,Argentina,2686,Operator,XS
74,Barnabe,Cage,bcage21@hexun.com,Male,240.26.206.157,Grand Marquis,Wanquan,China,,Senior Developer,S
75,Germain,Ciciura,gciciura22@yandex.ru,Male,122.127.205.121,Odyssey,Rosário do Sul,Brazil,97590-000,Sales Associate,3XL
76,Svend,Balme,sbalme23@printfriendly.com,Male,146.14.233.133,SL-Class,Hà Đông,Vietnam,,Staff Accountant I,XS
77,Colan,Flanigan,cflanigan24@slate.com,Male,172.217.27.48,Excel,Umm as Summāq,Jordan,,Registered Nurse,M
78,Valentin,Stichel,vstichel25@answers.com,Male,161.20.102.132,Cruze,Valvedditturai,Sri Lanka,71326,Software Consultant,XL
79,Mozes,Smidmor,msmidmor26@gravatar.com,Male,15.243.206.151,Wrangler,Sarnów,Poland,39-333,Engineer IV,XL
80,Berti,Philips,bphilips27@domainmarket.com,Male,207.182.221.116,C/V,Vejprnice,Czech Republic,330 27,Safety Technician I,XL
81,Jeannette,Laphorn,jlaphorn28@census.gov,Female,171.182.22.160,I,Picassinos,Portugal,2430-418,Executive Secretary,XS
82,Burl,Pacey,bpacey29@surveymonkey.com,Male,3.200.199.101,Grand Prix,Hŭngju-dong,North Korea,,Design Engineer,XL
83,Jayson,Shawel,jshawel2a@nbcnews.com,Male,154.19.53.68,Protege5,Kanghe,China,,Social Worker,XS
84,Dionis,Zecchinii,dzecchinii2b@acquirethisname.com,Female,96.1.213.214,xA,Baranusa,Indonesia,,Tax Accountant,XL
85,Aldin,Parkinson,aparkinson2c@moonfruit.com,Male,244.33.197.214,Laser,Getulio,Philippines,1175,Registered Nurse,XL
86,Lari,Swyne,lswyne2d@ovh.net,Female,96.0.220.212,Grand Cherokee,Ćmielów,Poland,27-440,Recruiting Manager,XL
87,Latrina,Abramchik,labramchik2e@dot.gov,Female,36.80.106.210,DTS,Kočevje,Slovenia,1330,Structural Analysis Engineer,2XL
88,Edouard,Cawdron,ecawdron2f@baidu.com,Male,54.50.21.2,Century,Sūrāb,Pakistan,23161,Teacher,XS
89,Lemmy,Bozworth,lbozworth2g@mayoclinic.com,Male,102.75.11.58,Grand Am,Sandaoba,China,,Help Desk Operator,M
90,Maire,De Freitas,mdefreitas2h@paypal.com,Female,255.243.31.154,Ranger,Yên Bái,Vietnam,,VP Marketing,3XL
91,Winfield,Restall,wrestall2i@artisteer.com,Male,170.59.162.8,IS,Nice,France,06102 CEDEX 2,Chemical Engineer,XL
92,Rafa,Shubotham,rshubotham2j@nature.com,Female,196.55.27.15,RS6,Apartadó,Colombia,057847,Environmental Tech,S
93,Borden,Gregolotti,bgregolotti2k@dedecms.com,Male,181.72.50.185,Alero,Yisuhe,China,,Accountant III,L
94,Wynny,Garnsey,wgarnsey2l@cyberchimps.com,Female,79.31.32.19,Tiburon,Jiangwei,China,,Marketing Manager,3XL
95,Marga,Biddy,mbiddy2m@earthlink.net,Female,205.233.204.26,Passat,Nagu,Finland,97580,Office Assistant III,M
96,Teddie,Deville,tdeville2n@studiopress.com,Male,14.32.71.16,Bonneville,Cali,Colombia,760050,Systems Administrator IV,XS
97,Marcel,Varian,mvarian2o@networkadvertising.org,Male,8.201.139.136,Milan,Alejal,Philippines,9205,Pharmacist,L
98,Giacinta,Leathard,gleathard2p@engadget.com,Female,175.190.186.132,TT,Ýdra,Greece,,Senior Quality Engineer,M
99,Alden,Barrs,abarrs2q@pinterest.com,Male,213.192.191.43,7 Series,Maibu,Philippines,8504,Structural Analysis Engineer,XL
100,Brantley,Smaridge,bsmaridge2r@archive.org,Male,10.37.186.73,LFA,Runsonglaozhai,China,,Human Resources Assistant IV,M
101,Andre,Abramzon,aabramzon2s@theatlantic.com,Male,183.255.208.184,Pajero,Coté-Lai,Argentina,3513,Safety Technician IV,L
102,Hamilton,Stanyer,hstanyer2t@istockphoto.com,Male,204.207.96.247,Alcyone SVX,Zengjia,China,,Chief Design Engineer,L
103,Noella,Leeke,nleeke2u@unicef.org,Female,172.241.197.107,300TE,Furmanov,Russia,155526,GIS Technical Architect,S
104,Hermon,Cervantes,hcervantes2v@eepurl.com,Genderqueer,234.54.70.31,Ranger,Vrangel’,Russia,692943,Human Resources Manager,XL
105,Fifine,Rooksby,frooksby2w@salon.com,Female,227.155.118.98,Accord,Sidu,China,,Help Desk Operator,3XL
106,Keir,Duval,kduval2x@whitehouse.gov,Male,159.155.55.196,Grand Am,Gudja,Malta,GDJ,Pharmacist,3XL
107,Rebe,Newson,rnewson2y@weather.com,Female,145.158.185.104,X-90,Pasanggrahan,Indonesia,,Media Manager II,S
108,Leslie,Jozefczak,ljozefczak2z@a8.net,Male,116.66.172.247,DeVille,Buena Vista,Bolivia,,Analyst Programmer,L
109,Gordy,Yakubov,gyakubov30@businessweek.com,Male,176.13.2.124,Grand Cherokee,Tambak,Philippines,6217,Administrative Assistant II,XL
110,Margret,Kellard,mkellard31@mashable.com,Female,137.28.170.192,H2,Huangyan,China,,Data Coordiator,L
111,Cirstoforo,Warrender,cwarrender32@un.org,Male,40.169.134.234,Tribute,Bao’an,China,,Help Desk Operator,3XL
112,Leena,Traice,ltraice33@timesonline.co.uk,Female,192.109.189.187,300M,Wates,Indonesia,,Office Assistant III,3XL
113,Sophie,Stirling,sstirling34@cdc.gov,Female,27.35.69.19,Cordia,Santarém,Brazil,58928-000,Data Coordiator,L
114,Bertie,Busch,bbusch35@hexun.com,Male,133.100.141.177,Focus,Humen,China,,Research Associate,3XL
115,Corbett,Sharman,csharman36@buzzfeed.com,Male,175.227.6.202,Phantom,Jinpanling,China,,Software Engineer II,S
116,Duff,Garretts,dgarretts37@vk.com,Male,118.155.89.190,CL,Tidaholm,Sweden,522 32,Nurse Practicioner,2XL
117,Travis,Bartens,tbartens38@xrea.com,Male,28.164.212.143,Express 3500,Itapemirim,Brazil,29330-000,Media Manager IV,S
118,Case,Oleksiak,coleksiak39@last.fm,Male,1.18.147.48,Savana 2500,Unecha,Russia,243302,Director of Sales,XS
119,Zulema,Roalfe,zroalfe3a@uiuc.edu,Female,5.102.47.163,LR2,Ouésso,Republic of the Congo,,Chemical Engineer,3XL
120,Kalindi,Deners,kdeners3b@godaddy.com,Female,254.58.249.78,Accent,Mazongling,China,,Teacher,XL
121,Clemmy,Tuddenham,ctuddenham3c@geocities.com,Male,103.131.215.99,Aerio,Monte Branco,Portugal,7005-838,Clinical Specialist,XS
122,Wilma,Shilstone,wshilstone3d@upenn.edu,Female,179.102.64.167,Pathfinder,Niort,France,79042 CEDEX 9,Web Designer II,XL
123,Vanny,Klimecki,vklimecki3e@youtube.com,Female,189.202.119.232,i-350,Paucar,Peru,,Accounting Assistant II,S
124,Aura,Vigus,avigus3f@boston.com,Female,106.109.165.142,Econoline E250,Vítkov,Czech Republic,749 01,Cost Accountant,3XL
125,Pet,Allberry,pallberry3g@hc360.com,Female,70.22.81.38,Grand Prix,Szczawno-Zdrój,Poland,58-310,Business Systems Development Analyst,S
126,Pace,Tesyro,ptesyro3h@dedecms.com,Polygender,105.228.132.185,Outback,Thị Trấn Mỹ Lộc,Vietnam,,Automation Specialist II,S
127,Blaire,Rany,brany3i@ox.ac.uk,Female,57.126.177.37,E-Class,Cerme Kidul,Indonesia,,Administrative Officer,2XL
128,Husain,Griffith,hgriffith3j@nih.gov,Male,227.198.60.14,1 Series,Fenglu,China,,Librarian,XL
129,Skylar,Jotham,sjotham3k@about.com,Non-binary,40.30.85.206,Explorer,Begejci,Serbia,,Senior Editor,3XL
130,Scotti,Boggon,sboggon3l@ameblo.jp,Male,130.115.231.36,CR-V,Gävle,Sweden,801 84,Physical Therapy Assistant,2XL
131,Merna,Giottini,mgiottini3m@auda.org.au,Female,5.34.23.34,Prelude,Newmarket on Fergus,Ireland,P17,Analog Circuit Design manager,3XL
132,Viviana,Hallmark,vhallmark3n@aboutads.info,Female,31.154.110.4,Express 1500,Beutong Ateuh,Indonesia,,Automation Specialist I,XL
133,Adam,Chimienti,achimienti3o@mail.ru,Bigender,174.184.203.133,M-Class,Krajan,Indonesia,,Teacher,L
134,Dickie,Mathes,dmathes3p@mapquest.com,Male,210.205.8.22,Grand Caravan,Hongmei,China,,Financial Analyst,M
135,Ash,Danielis,adanielis3q@digg.com,Male,133.47.21.86,Q,Kotabesi,Indonesia,,Sales Representative,XL
136,Trip,Bumby,tbumby3r@php.net,Male,110.37.155.247,LTD Crown Victoria,Genengan Kulon,Indonesia,,Web Designer I,XL
137,Roxanne,Hearfield,rhearfield3s@purevolume.com,Female,185.40.6.143,IS,Jianrao,China,,Biostatistician I,M
138,Stan,Sweeny,ssweeny3t@ameblo.jp,Male,201.184.158.175,GS,Qorao’zak,Uzbekistan,,Structural Engineer,XL
139,Niel,Farebrother,nfarebrother3u@omniture.com,Male,173.137.20.114,F-Series,Dongfu,China,,Systems Administrator IV,2XL
140,Clay,Campanelli,ccampanelli3v@imdb.com,Male,88.225.183.50,Legend,Tabor,Slovenia,3304,Information Systems Manager,XS
141,Margaux,Moultrie,mmoultrie3w@sbwire.com,Female,28.239.174.15,Optima,Piancheng,China,,Database Administrator I,XL
142,Salim,Grimestone,sgrimestone3x@yale.edu,Male,54.132.29.63,Highlander,Bar-le-Duc,France,55013 CEDEX,Systems Administrator IV,3XL
143,Dorian,Jutson,djutson3y@ox.ac.uk,Polygender,231.57.25.198,900,Lao Suea Kok,Thailand,96220,Marketing Manager,L
144,Leopold,Harrap,lharrap3z@zimbio.com,Male,209.69.255.5,Sierra,Qal‘eh Ganj,Iran,,Editor,XS
145,Karoline,Stemson,kstemson40@cmu.edu,Bigender,167.67.8.88,RAV4,Socos,Peru,,Food Chemist,L
146,Babs,Howman,bhowman41@typepad.com,Female,43.81.174.67,Q7,Réo,Burkina Faso,,Speech Pathologist,M
147,Roch,Calendar,rcalendar42@ycombinator.com,Female,112.36.208.181,Murano,Xilin Hot,China,,Recruiting Manager,L
148,Marcellus,Skillanders,mskillanders43@skyrock.com,Male,88.217.45.71,S80,Basing,Philippines,2417,Computer Systems Analyst IV,M
149,Jimmie,Grimbleby,jgrimbleby44@comcast.net,Male,129.228.206.213,Celica,Siquisique,Venezuela,,Graphic Designer,L
150,Othella,Aickin,oaickin45@mail.ru,Female,125.16.182.237,3500,Spitak,Armenia,,Engineer IV,XS
151,Inessa,Morales,imorales46@desdev.cn,Female,233.23.185.103,Mirage,Montinho,Portugal,4625-608,Social Worker,2XL
152,Lanni,Pimlett,lpimlett47@amazon.co.uk,Female,236.192.14.47,Sidekick,Sidomulyo,Indonesia,,Data Coordiator,XS
153,Cord,Parkman,cparkman48@washington.edu,Male,187.223.3.203,Firebird,Fort Worth,United States,76121,Software Test Engineer III,M
154,Raquela,O'Hern,rohern49@reuters.com,Female,190.151.158.173,C8,Huaishu,China,,Accounting Assistant IV,XL
155,Dalli,Berens,dberens4a@ed.gov,Male,36.253.115.132,GTI,Venado Tuerto,Argentina,2600,Account Executive,XS
156,Margarete,Tessyman,mtessyman4b@unc.edu,Genderfluid,17.89.23.101,Scoupe,Bagay,Philippines,1697,Engineer III,XS
157,Cullen,Aggiss,caggiss4c@sourceforge.net,Male,226.81.85.86,Express,Bang Mun Nak,Thailand,66120,Recruiting Manager,XL
158,Freedman,Clough,fclough4d@twitpic.com,Male,103.129.211.104,GTI,San Fernando del Valle de Catamarca,Argentina,4700,Marketing Assistant,XS
159,Andre,Tumbridge,atumbridge4e@usnews.com,Male,131.205.196.160,SL-Class,Shijiao,China,,Desktop Support Technician,XL
160,Kelby,McTerry,kmcterry4f@epa.gov,Male,17.135.124.228,LX,Monte Francisco,Portugal,8950-205,Director of Sales,3XL
161,Korrie,Willeson,kwilleson4g@independent.co.uk,Female,38.253.78.114,Camry,Dukuhmencek Lor,Indonesia,,Assistant Manager,3XL
162,Justen,McKitterick,jmckitterick4h@cafepress.com,Genderqueer,69.36.252.240,Frontier,Tanahwurung,Indonesia,,Senior Financial Analyst,XS
163,Adlai,Cakes,acakes4i@tuttocitta.it,Male,34.177.132.32,Country,Hamonggolele,Indonesia,,Associate Professor,M
164,Dinnie,Mollison,dmollison4j@dailymail.co.uk,Female,55.55.29.166,A3,La’ershan,China,,Software Test Engineer IV,M
165,Izzy,Skyram,iskyram4k@nsw.gov.au,Male,66.224.92.52,Taurus,Rostov-na-Donu,Russia,353356,Help Desk Technician,S
166,Cleon,Belloch,cbelloch4l@wordpress.com,Genderqueer,105.55.231.31,Ion,Mmathubudukwane,Botswana,,Registered Nurse,2XL
167,Angel,Berney,aberney4m@jalbum.net,Non-binary,204.231.228.154,Town & Country,Sfax,Tunisia,,Nurse,L
168,Maure,Chetwind,mchetwind4n@instagram.com,Agender,33.49.54.27,GLK-Class,Yulao,China,,Environmental Tech,S
169,Travers,Gillease,tgillease4o@intel.com,Male,75.177.47.107,Escape,Jiguaní,Cuba,,Administrative Officer,M
170,Chelsie,Marzelo,cmarzelo4p@wikipedia.org,Female,4.221.173.170,Mirage,Barcelona,Spain,08030,Account Coordinator,M
171,Shirl,Wainscoat,swainscoat4q@gov.uk,Female,120.202.89.46,G-Series 3500,Dugulubgey,Russia,361538,Payment Adjustment Coordinator,S
172,Fidelia,Quainton,fquainton4r@live.com,Female,210.46.183.79,300CE,Kayima,Sierra Leone,,Health Coach III,XS
173,Hildagard,Kubes,hkubes4s@oaic.gov.au,Female,224.224.243.238,Grand Prix,Leskovac,Serbia,,Compensation Analyst,XL
174,Veronica,McGonigle,vmcgonigle4t@freewebs.com,Female,128.247.197.34,Z8,Bello,Colombia,051059,Structural Engineer,XS
175,Wheeler,Luebbert,wluebbert4u@washington.edu,Male,249.158.9.200,Z4 M,Sagrada Familia,Philippines,4507,Geologist III,2XL
176,Thaddeus,Littlecote,tlittlecote4v@hao123.com,Male,251.182.89.112,APV,Karangnunggal,Indonesia,,Environmental Specialist,L
177,Auria,McTavish,amctavish4w@amazon.co.jp,Female,26.65.56.134,W126,Shuiquan,China,,Associate Professor,L
178,Tanner,Cratere,tcratere4x@eventbrite.com,Male,223.87.24.213,Nitro,Ust’-Omchug,Russia,666137,Senior Editor,2XL
179,Winston,Sexcey,wsexcey4y@yale.edu,Male,248.188.122.187,VS Commodore,Sokol,Russia,694060,Librarian,M
180,Jemmy,Tersay,jtersay4z@wikipedia.org,Female,203.141.115.67,Monza,Västra Frölunda,Sweden,421 46,Business Systems Development Analyst,L
181,Jenica,Boscher,jboscher50@answers.com,Female,83.174.222.136,Swift,Néa Karyá,Greece,,Accounting Assistant IV,3XL
182,Laurice,Powis,lpowis51@independent.co.uk,Female,237.100.17.54,62,Mercier,Canada,J6R,Associate Professor,M
183,Gregg,Neeves,gneeves52@amazon.com,Male,97.131.240.230,Avalanche 1500,Longhuashan,China,,Assistant Media Planner,M
184,Deane,Gertz,dgertz53@imageshack.us,Male,192.35.67.203,911,Toledo,United States,43666,Sales Associate,L
185,Cary,Colgrave,ccolgrave54@prnewswire.com,Female,2.160.133.152,E-Series,Santa Rita do Sapucaí,Brazil,37540-000,Recruiting Manager,2XL
186,Elisabeth,Meale,emeale55@dailymotion.com,Female,14.195.243.171,Stylus,Bangker,Indonesia,,Actuary,S
187,Sascha,Tomasicchio,stomasicchio56@taobao.com,Male,171.76.227.98,Durango,Domaniewice,Poland,99-434,Senior Quality Engineer,XS
188,Chrisy,Dunk,cdunk57@topsy.com,Male,98.119.31.153,LeSabre,Tuymazy,Russia,452778,Senior Developer,S
189,Isadora,Fonquernie,ifonquernie58@baidu.com,Female,152.117.30.195,Breeze,Balidian,China,,Internal Auditor,M
190,Maxy,Reisin,mreisin59@sourceforge.net,Male,230.85.61.95,F-Series Super Duty,Karanggeneng,Indonesia,,Quality Control Specialist,S
191,Cobby,Guisot,cguisot5a@creativecommons.org,Male,210.26.239.214,XC60,Krajan Gebangan,Indonesia,,Senior Sales Associate,L
192,Beatriz,M'Barron,bmbarron5b@i2i.jp,Female,77.223.89.252,3 Series,Opol,Philippines,9016,VP Accounting,XS
193,Roselia,Wolvey,rwolvey5c@is.gd,Female,75.90.96.57,Grand Am,Malaruhatan,Philippines,4216,Systems Administrator III,XS
194,Luise,Thripp,lthripp5d@squarespace.com,Female,186.241.45.13,Mark VIII,Saint-Maur-des-Fossés,France,94109 CEDEX,Assistant Professor,XL
195,Blondell,Say,bsay5e@cisco.com,Female,80.176.117.192,Ipsum,Mandiana,Guinea,,Senior Editor,L
196,Arabel,Arrigucci,aarrigucci5f@va.gov,Female,155.229.116.233,Coupe Quattro,Toulouse,France,31489 CEDEX 4,Assistant Professor,L
197,Xylina,Dybald,xdybald5g@salon.com,Female,132.49.185.7,Ram 2500,Dvurechensk,Russia,624013,Software Test Engineer IV,S
198,Salomi,Alvaro,salvaro5h@pbs.org,Female,132.84.119.71,1500,Opol,Philippines,9016,Physical Therapy Assistant,XS
199,Blinnie,Girvin,bgirvin5i@usatoday.com,Female,56.27.69.188,Sable,Yonghe,China,,Legal Assistant,M
200,Genevra,Pounder,gpounder5j@g.co,Agender,81.127.79.82,Maxima,Pasargunung,Indonesia,,Office Assistant II,XS
201,Robbyn,Faust,rfaust5k@soup.io,Female,154.76.57.120,Cirrus,Punolu,Philippines,1114,Media Manager II,3XL
202,Aile,Wanley,awanley5l@g.co,Female,66.183.149.68,Range Rover,Guarapuava,Brazil,85000-000,Pharmacist,S
203,Roosevelt,Sawer,rsawer5m@issuu.com,Male,122.62.18.74,Challenger,Ḩurayḑah,Yemen,,Analog Circuit Design manager,XS
204,Danella,Arkwright,darkwright5n@jimdo.com,Female,119.26.64.4,S2000,Bielsk Podlaski,Poland,17-102,Account Representative III,2XL
205,Ericha,Rowley,erowley5o@ovh.net,Female,11.205.135.190,Legacy,Jincheng,China,,Research Nurse,L
206,Tore,Campes,tcampes5p@google.cn,Male,17.171.110.138,Rondo,Patria,Philippines,2005,Executive Secretary,2XL
207,Jessamine,Storck,jstorck5q@bloomberg.com,Female,208.71.247.151,Echo,Ban Talat Yai,Thailand,83120,Administrative Officer,XS
208,Egan,Coulthard,ecoulthard5r@sogou.com,Male,106.95.183.92,DeVille,San Buenaventura,Honduras,,GIS Technical Architect,L
209,Kara,Relph,krelph5s@boston.com,Female,155.227.87.179,Vandura 1500,Newala Kisimani,Tanzania,,Desktop Support Technician,3XL
210,Shir,Alldread,salldread5t@hud.gov,Female,177.225.254.238,Aero 8,Gradec,Macedonia,1236,Electrical Engineer,XL
211,Graham,MacMenemy,gmacmenemy5u@jigsy.com,Male,182.229.211.221,Aura,Bangassou,Central African Republic,,VP Quality Control,S
212,Kirby,McAline,kmcaline5v@sogou.com,Female,88.42.45.123,CX-5,Shādegān,Iran,,Financial Advisor,M
213,Melania,Stallon,mstallon5w@rakuten.co.jp,Female,8.99.248.179,Ranger,Osiek,Poland,87-340,Recruiting Manager,XL
214,Adair,Alman,aalman5x@nature.com,Male,89.47.38.15,M Roadster,Sainte-Adèle,Canada,J8B,Recruiter,XS
215,Hermy,Marcoolyn,hmarcoolyn5y@nifty.com,Male,120.39.173.51,Brooklands,Zacatecoluca,El Salvador,,GIS Technical Architect,2XL
216,Daffi,Lever,dlever5z@stumbleupon.com,Female,25.45.36.126,Galant,Niu,China,,Project Manager,2XL
217,Bernice,Quinet,bquinet60@indiegogo.com,Female,13.80.111.189,Tahoe,Yangping,China,,Physical Therapy Assistant,M
218,Adelaide,Abrahart,aabrahart61@deliciousdays.com,Female,69.95.207.83,F430,Huaitu,China,,Software Consultant,L
219,Olwen,Postans,opostans62@usda.gov,Female,158.249.198.230,Trans Sport,Banjar Yehsatang,Indonesia,,Pharmacist,3XL
220,Barnabe,Buckell,bbuckell63@multiply.com,Male,112.18.15.156,S4,Meia Via,Portugal,2350-629,Analyst Programmer,3XL
221,Juline,Alekhov,jalekhov64@auda.org.au,Female,55.46.56.204,Mazdaspeed 3,Wangba,China,,Accountant I,2XL
222,Andy,Whiffen,awhiffen65@opera.com,Genderqueer,236.16.166.65,MKZ,Nārāyanganj,Bangladesh,1414,Quality Engineer,XL
223,Mahmoud,Elderidge,melderidge66@is.gd,Male,156.182.238.144,LR3,Flen,Sweden,642 82,Marketing Assistant,S
224,Giraldo,Rymell,grymell67@elpais.com,Genderfluid,120.248.230.155,Lucerne,Korop,Ukraine,,Software Engineer IV,2XL
225,Van,Lund,vlund68@qq.com,Female,44.218.235.145,Vibe,Pasirnangka,Indonesia,,Registered Nurse,3XL
226,Engelbert,Britney,ebritney69@apache.org,Male,159.235.34.48,i-370,Lubowidz,Poland,09-304,Senior Quality Engineer,3XL
227,Sylas,Jeakins,sjeakins6a@newsvine.com,Male,70.111.164.188,Firebird Formula,Half Way Tree,Jamaica,,Civil Engineer,S
228,Reginauld,Gilder,rgilder6b@squidoo.com,Non-binary,189.32.111.65,X6,Mojimán,Honduras,,Librarian,M
229,Trevar,Kristoffersen,tkristoffersen6c@rambler.ru,Male,232.105.84.58,SL-Class,Kariya,Japan,969-1619,GIS Technical Architect,M
230,Natty,Monument,nmonument6d@google.com.au,Male,239.85.75.81,GX,Biograd na Moru,Croatia,23210,Budget/Accounting Analyst I,S
231,Donella,McPeice,dmcpeice6e@economist.com,Female,98.27.252.116,SSR,Iriga City,Philippines,4431,Quality Control Specialist,S
232,Jasmina,Komorowski,jkomorowski6f@jiathis.com,Female,41.3.118.151,Sprinter,Piterka,Russia,393995,Marketing Assistant,XS
233,Lotti,O'Lagen,lolagen6g@sina.com.cn,Female,215.11.162.45,X6 M,Kotlyarevskaya,Russia,361218,Nurse Practicioner,2XL
234,Matteo,Whitford,mwhitford6h@barnesandnoble.com,Male,12.145.101.11,Escalade,Victoria,Canada,V9A,Programmer Analyst I,2XL
235,Bowie,Drable,bdrable6i@bandcamp.com,Male,219.35.92.154,Cabriolet,Castanheira,Portugal,4980-233,Electrical Engineer,XS
236,Derick,Lottrington,dlottrington6j@t-online.de,Male,173.40.119.82,MPV,Salto,Uruguay,,Editor,XL
237,Ahmad,Screen,ascreen6k@utexas.edu,Male,56.28.115.232,Yaris,Labuhanlalar,Indonesia,,Structural Engineer,XL
238,Mildred,Woofenden,mwoofenden6l@scientificamerican.com,Female,47.95.227.14,Ram 1500 Club,Juradó,Colombia,276019,Assistant Manager,M
239,Maurita,Aldington,maldington6m@cbslocal.com,Genderfluid,124.237.16.146,QX,Amieirinha,Portugal,2430-024,Actuary,2XL
240,Darsey,MacPaike,dmacpaike6n@about.me,Female,49.125.2.69,E350,Santa Rosa,Peru,,Office Assistant I,S
241,Karrah,Acuna,kacuna6o@tuttocitta.it,Female,158.106.122.134,Thunderbird,Akure,Nigeria,,Desktop Support Technician,3XL
242,Joshua,Hamly,jhamly6p@behance.net,Male,211.88.30.127,Passat,Mosteiros,Portugal,7340-214,Chief Design Engineer,2XL
243,Bondy,Malthouse,bmalthouse6q@elpais.com,Male,108.184.222.83,Continental,Honjō,Japan,369-1201,Financial Advisor,S
244,Malinde,Busfield,mbusfield6r@nbcnews.com,Female,209.136.189.240,Grand Prix,Shimoda,Japan,886-0112,Structural Analysis Engineer,XL
245,Beatrisa,Whittle,bwhittle6s@so-net.ne.jp,Female,77.92.156.7,Accord,Seririt,Indonesia,,Human Resources Manager,XS
246,Barris,Chilley,bchilley6t@hibu.com,Male,52.131.78.73,MX-5,Zhenyuan,China,,Web Designer I,S
247,Jacquie,Hursey,jhursey6u@opera.com,Female,237.59.119.82,Lanos,Ximei,China,,Engineer I,M
248,Jasun,Goshawk,jgoshawk6v@yandex.ru,Male,240.77.74.177,Diamante,Ambatolampy,Madagascar,,Professor,XL
249,Karlie,Greenhouse,kgreenhouse6w@dagondesign.com,Female,138.154.172.24,F430,Malianchuan,China,,Social Worker,2XL
250,Koralle,Wodham,kwodham6x@addthis.com,Female,64.72.117.161,Avanti,Chuchkovo,Russia,601247,Nurse,3XL
251,Madison,Dallman,mdallman6y@cnet.com,Male,220.208.163.99,Land Cruiser,Kuniran,Indonesia,,Business Systems Development Analyst,S
252,Carmita,Pawnsford,cpawnsford6z@narod.ru,Female,232.48.92.115,Impreza,Usol’ye,Russia,618460,Food Chemist,XS
253,Niels,Maroney,nmaroney70@epa.gov,Male,56.0.62.72,Verona,Acopampa,Peru,,VP Marketing,L
254,Bibbye,Osmund,bosmund71@economist.com,Polygender,221.105.38.191,2500 Club Coupe,Terre Haute,United States,47812,Senior Cost Accountant,M
255,Marta,Connolly,mconnolly72@linkedin.com,Female,94.177.185.78,CR-V,La Guata,Honduras,,Office Assistant III,2XL
256,Elberta,Dahmel,edahmel73@vistaprint.com,Female,7.72.138.185,TundraMax,Wulan,China,,Physical Therapy Assistant,XS
257,Emmet,Thatcham,ethatcham74@ca.gov,Male,237.254.86.74,MKX,Giyon,Ethiopia,,Payment Adjustment Coordinator,L
258,Willard,Pamplin,wpamplin75@amazon.com,Male,51.153.227.243,Venza,Nardaran,Azerbaijan,,Information Systems Manager,XS
259,Peggy,Privost,pprivost76@rambler.ru,Female,43.135.157.138,Uplander,Tulusmulyo,Indonesia,,Pharmacist,XS
260,Olympe,Dalley,odalley77@narod.ru,Female,127.216.43.226,MKZ,Jialu,China,,Senior Developer,S
261,Ethyl,Carmichael,ecarmichael78@weebly.com,Female,110.82.55.207,LeSabre,Andradina,Brazil,16900-000,Research Nurse,M
262,Gray,Christoffels,gchristoffels79@google.it,Female,112.3.159.20,Cayman,Paris 07,France,75345 CEDEX 07,Software Consultant,M
263,Tiff,Eydel,teydel7a@tamu.edu,Female,144.233.102.193,A3,Tacoma,United States,98442,Chief Design Engineer,L
264,Kendrick,Sarginson,ksarginson7b@amazon.co.uk,Polygender,202.13.164.164,Park Avenue,Ankola,Indonesia,,Systems Administrator IV,2XL
265,Susanna,Andriveau,sandriveau7c@blogtalkradio.com,Female,214.63.66.230,FJ Cruiser,Chơn Thành,Vietnam,,Senior Developer,2XL
266,Clovis,Belsher,cbelsher7d@businessinsider.com,Polygender,19.28.207.98,57,Palocabildo,Colombia,731587,Compensation Analyst,XS
267,Carrissa,O'Nowlan,conowlan7e@ocn.ne.jp,Female,108.43.72.89,Civic Si,Chon Buri,Thailand,24120,Software Engineer II,S
268,Lannie,Budd,lbudd7f@weibo.com,Male,139.31.177.209,Regal,Pospelikha,Russia,659700,VP Marketing,XL
269,Winifred,Enga,wenga7g@skype.com,Female,43.67.69.111,8 Series,Kebon Tengah,Indonesia,,Recruiting Manager,XL
270,Conn,Olliar,colliar7h@apple.com,Bigender,180.160.43.183,SL-Class,Kaum Kaler,Indonesia,,Librarian,L
271,Pinchas,Streater,pstreater7i@wikimedia.org,Male,104.180.6.138,Justy,Jingzhou,China,,Analyst Programmer,XL
272,Perceval,Abeles,pabeles7j@cdc.gov,Male,182.147.110.39,SC,Kafr ad Dīk,Palestinian Territory,,Marketing Manager,XL
273,Yelena,Shannahan,yshannahan7k@tripod.com,Female,127.175.83.187,Park Avenue,Noyal-sur-Vilaine,France,35538 CEDEX,Financial Advisor,XS
274,Umberto,Agglione,uagglione7l@virginia.edu,Male,151.155.179.46,F350,Lawa-an,Philippines,5706,Marketing Manager,XL
275,Vina,Bilham,vbilham7m@nationalgeographic.com,Female,240.247.18.57,Grand Voyager,New Orleans,United States,70116,Research Assistant II,S
276,Lise,Crippin,lcrippin7n@tumblr.com,Female,201.251.39.224,Accord,Dapuchaihe,China,,Operator,L
277,Aleen,Jiroutek,ajiroutek7o@buzzfeed.com,Female,13.53.27.248,Bronco II,Longkou,China,,Design Engineer,M
278,Kandy,Orris,korris7p@tiny.cc,Female,207.113.157.124,Lynx,Amman,Jordan,,Geological Engineer,3XL
279,Jenna,Peteri,jpeteri7q@ask.com,Female,199.180.91.51,Celica,Luhe,China,,Health Coach I,XS
280,Derry,Pitman,dpitman7r@hibu.com,Male,189.176.164.191,Ram Van B350,Hualong,China,,Web Developer II,2XL
281,Marcela,Whilde,mwhilde7s@ask.com,Female,233.67.181.111,Th!nk,Komarno,Ukraine,,Dental Hygienist,XS
282,Petey,Sego,psego7t@amazon.com,Male,133.237.243.110,Crown Victoria,Datuan,China,,Executive Secretary,M
283,Eddie,Everall,eeverall7u@sciencedirect.com,Female,34.129.129.77,Sonoma Club,Tumauini,Philippines,3325,Senior Editor,2XL
284,Thacher,Pitcher,tpitcher7v@nps.gov,Male,19.179.205.252,Civic,Tobilolong,Indonesia,,Librarian,L
285,Whitney,Seniour,wseniour7w@com.com,Male,14.45.54.48,Accord,Tococ East,Philippines,1655,Accounting Assistant IV,XL
286,Cordell,Froment,cfroment7x@eventbrite.com,Male,198.124.64.93,Maxima,San Isidro,Costa Rica,12004,Project Manager,L
287,Matt,Gribbon,mgribbon7y@google.ru,Male,155.143.74.90,S-Class,Panikihan,Philippines,4307,Accountant III,3XL
288,Paulette,Bernth,pbernth7z@timesonline.co.uk,Female,19.243.83.167,S4,Itiruçu,Brazil,45350-000,Librarian,3XL
289,Selby,Vermer,svermer80@addtoany.com,Male,214.63.68.94,Liberty,Palomoc,Philippines,4227,Computer Systems Analyst III,XS
290,Waylin,Skydall,wskydall81@webmd.com,Male,58.228.101.233,S-Class,Vila Nova,Portugal,3220-523,Desktop Support Technician,2XL
291,Eddy,Glusby,eglusby82@google.ca,Male,148.255.134.24,Scoupe,Avaré,Brazil,18700-000,Librarian,L
292,Moss,Zecchini,mzecchini83@google.pl,Male,116.215.118.15,Grand Cherokee,Tentúgal,Portugal,3140-555,Quality Engineer,2XL
293,Carolin,Cufflin,ccufflin84@umn.edu,Female,254.252.146.59,Tahoe,Bao’an,China,,Librarian,2XL
294,Tammara,Souch,tsouch85@techcrunch.com,Female,98.138.193.135,MR2,Veiros,Portugal,3860-346,Sales Associate,S
295,Steven,Le Hucquet,slehucquet86@github.io,Male,87.114.40.59,911,Faratsiho,Madagascar,,Quality Engineer,2XL
296,Rubina,Kneafsey,rkneafsey87@photobucket.com,Female,119.226.12.121,Vision,Ribeiro,Portugal,4600-758,Civil Engineer,XS
297,August,Williment,awilliment88@unicef.org,Male,221.241.83.131,Prowler,Tan Sum,Thailand,34330,Statistician IV,L
298,Mick,Peracco,mperacco89@wordpress.org,Male,226.129.157.192,Cooper Clubman,Loures,Portugal,2670-335,General Manager,S
299,Risa,Boden,rboden8a@unc.edu,Female,67.136.24.22,Summit,Thanatpin,Myanmar,,Graphic Designer,M
300,Wells,Watman,wwatman8b@pagesperso-orange.fr,Male,21.120.78.159,Malibu,Dejilin,China,,Nuclear Power Engineer,S
301,Scotti,Wellwood,swellwood8c@cbslocal.com,Male,173.219.244.16,GTI,Vostryakovo,Russia,140579,Software Engineer III,M
302,Harv,Swedeland,hswedeland8d@edublogs.org,Male,205.140.200.216,Lynx,Al Qiţena,Sudan,,Statistician II,L
303,Robbie,Joyce,rjoyce8e@noaa.gov,Genderqueer,71.10.93.206,Aveo,Casimiro de Abreu,Brazil,28860-000,General Manager,XL
304,Ali,McKinna,amckinna8f@deviantart.com,Male,214.181.146.38,Dakota Club,Ambohitseheno,Madagascar,,Staff Accountant I,2XL
305,Rab,Caddan,rcaddan8g@angelfire.com,Male,51.134.200.114,Grand Cherokee,Qusar,Azerbaijan,,Desktop Support Technician,XS
306,Nadiya,Glasgow,nglasgow8h@nbcnews.com,Female,118.105.89.235,Town Car,Hedi,China,,Technical Writer,2XL
307,Caitlin,Cohan,ccohan8i@github.io,Female,156.76.183.216,430,Ambovombe,Madagascar,,Web Developer II,L
308,Emmi,Glendinning,eglendinning8j@zdnet.com,Female,81.15.125.112,Mustang,Lerrnanist,Armenia,,Librarian,M
309,Eudora,Ricciardello,ericciardello8k@ucla.edu,Female,101.119.208.231,Cabriolet,Aviá Terai,Argentina,3706,Electrical Engineer,S
310,Uriah,Ivanishin,uivanishin8l@123-reg.co.uk,Male,154.59.23.66,ZDX,Fatufeto,Indonesia,,Project Manager,XL
311,Tarrance,Checcucci,tcheccucci8m@jalbum.net,Male,146.204.94.168,S40,Yuanjiazhuang,China,,Editor,S
312,Gene,Mooring,gmooring8n@dot.gov,Female,43.52.20.49,ZX2,Kongoussi,Burkina Faso,,Community Outreach Specialist,3XL
313,Bennie,Aspole,baspole8o@dedecms.com,Male,221.122.91.251,Express 3500,Nguigmi,Niger,,Assistant Media Planner,XL
314,Robinet,Spadaro,rspadaro8p@aboutads.info,Male,252.132.156.105,Quest,Batambak,Indonesia,,Quality Control Specialist,3XL
315,Helga,Albany,halbany8q@yelp.com,Female,156.132.110.165,Passat,Itapipoca,Brazil,62500-000,Senior Sales Associate,XL
316,Mervin,Dei,mdei8r@time.com,Male,199.189.63.166,XK Series,Yangcun,China,,Account Executive,S
317,Ailbert,Lawdham,alawdham8s@berkeley.edu,Male,154.108.250.204,H2 SUT,Bultfontein,South Africa,9670,Software Test Engineer II,2XL
318,Brina,Shacklady,bshacklady8t@miitbeian.gov.cn,Female,87.190.16.34,Escape,Chegdomyn,Russia,682038,Account Representative III,XS
319,Delphine,Pettersen,dpettersen8u@hugedomains.com,Female,222.194.104.240,Monte Carlo,Bordeaux,France,33070 CEDEX,Technical Writer,2XL
320,Salli,Chretien,schretien8v@sourceforge.net,Female,208.36.75.52,Mazda6,Bender,Moldova,MD-3200,Systems Administrator IV,XS
321,Brandy,Rosenbarg,brosenbarg8w@macromedia.com,Female,189.195.66.86,Grand Am,Göteborg,Sweden,418 03,Recruiting Manager,2XL
322,Arvie,Gonsalvez,agonsalvez8x@bravesites.com,Male,128.31.57.95,Ram Van 3500,Bangrat,Indonesia,,Human Resources Manager,XS
323,Carver,Mault,cmault8y@twitpic.com,Male,218.237.163.245,Town Car,Cluain Meala,Ireland,E91,Research Assistant III,M
324,Paule,Cardwell,pcardwell8z@cafepress.com,Female,83.94.199.202,Sebring,Słońsk,Poland,66-436,Sales Representative,2XL
325,Amalea,Crees,acrees90@mapy.cz,Female,226.118.110.195,Aerostar,Eksjö,Sweden,575 28,Financial Analyst,L
326,Elka,McCooke,emccooke91@g.co,Female,248.155.130.197,645,Krasnyye Barrikady,Russia,416357,Senior Cost Accountant,3XL
327,Alikee,Weldon,aweldon92@joomla.org,Female,182.237.69.133,S-Series,Espinal,Colombia,733529,Environmental Tech,XL
328,Giselbert,Andras,gandras93@de.vu,Male,123.49.76.82,Mirage,Xiaocun,China,,Chemical Engineer,L
329,Whitney,Mate,wmate94@facebook.com,Female,108.220.144.188,Malibu,Leifeng,China,,Speech Pathologist,XL
330,Lettie,Tiddy,ltiddy95@ucsd.edu,Female,30.216.155.200,Savana 2500,Altenberg bei Linz,Austria,4210,Physical Therapy Assistant,XL
331,Tallou,Salman,tsalman96@nymag.com,Bigender,247.254.65.233,NSX,Sūq Sibāḩ,Yemen,,Engineer I,M
332,Morten,Gales,mgales97@diigo.com,Male,100.236.131.236,Savana 2500,Nachalovo,Russia,416457,Programmer II,M
333,Ian,Hardey,ihardey98@bbb.org,Male,212.214.110.96,Legacy,Khosta,Russia,354395,Software Test Engineer IV,XS
334,Henry,Muffitt,hmuffitt99@diigo.com,Male,247.153.158.135,200,Ḏânan,Djibouti,,Assistant Manager,XS
335,Opalina,Shirlaw,oshirlaw9a@mapquest.com,Female,148.66.82.20,Durango,Zdolbuniv,Ukraine,,Recruiting Manager,S
336,Yolanda,Zwicker,yzwicker9b@domainmarket.com,Female,67.40.180.213,Camry,Warri,Nigeria,,Technical Writer,3XL
337,Ahmed,Petrozzi,apetrozzi9c@skyrock.com,Bigender,166.130.124.90,Tiburon,Sohag,Egypt,,Recruiting Manager,L
338,Aldon,Viger,aviger9d@ftc.gov,Male,39.38.51.255,Silverado 2500,Yuhuang,China,,Project Manager,L
339,Fayre,Mothersole,fmothersole9e@cbslocal.com,Female,6.85.155.106,228,Lëbushë,Kosovo,,Mechanical Systems Engineer,S
340,Amory,Attewill,aattewill9f@shop-pro.jp,Male,35.176.191.83,Caravan,Weishan,China,,Administrative Assistant III,L
341,Bent,Gumb,bgumb9g@msu.edu,Male,210.182.19.112,Vibe,Tost,China,,Associate Professor,S
342,Ange,MacPhaden,amacphaden9h@epa.gov,Female,127.5.18.95,Sportage,Graneros,Chile,,Graphic Designer,S
343,Sandy,Paramore,sparamore9i@soundcloud.com,Female,194.52.165.173,Fleetwood,Tāfuna,American Samoa,96799,Senior Editor,3XL
344,Chery,Jahan,cjahan9j@weebly.com,Polygender,187.174.42.237,Virage,Jiantiao,China,,Actuary,S
345,Abram,Gulley,agulley9k@example.com,Male,54.104.48.115,California,Kalnibolotskaya,Russia,663019,Editor,S
346,Jodie,Joron,jjoron9l@csmonitor.com,Female,209.8.203.87,Celica,Roza,Russia,456659,Budget/Accounting Analyst I,XS
347,Tait,Spera,tspera9m@apache.org,Male,201.2.37.54,FX,Fenglin,China,,Speech Pathologist,S
348,Darn,Froude,dfroude9n@miibeian.gov.cn,Male,132.139.126.58,300SE,Terra Chã,Portugal,9700-685,Software Test Engineer III,L
349,Ruben,Hadland,rhadland9o@unicef.org,Male,57.187.18.223,Escort,Talisay,Philippines,4602,Social Worker,XS
350,Bekki,Waulker,bwaulker9p@vinaora.com,Female,57.125.83.191,Grand Am,Lete,Indonesia,,Automation Specialist II,S
351,Giuditta,Banfill,gbanfill9q@jigsy.com,Female,172.235.230.191,Grand Prix,Radoboj,Croatia,49232,Human Resources Assistant II,2XL
352,Rodolphe,Waterhouse,rwaterhouse9r@apache.org,Male,189.21.150.192,S60,Youyun,China,,Financial Analyst,XS
353,Cornie,Bissill,cbissill9s@statcounter.com,Female,97.25.30.24,612 Scaglietti,Bojongbenteng,Indonesia,,Information Systems Manager,XL
354,Irwin,Hawthorn,ihawthorn9t@goo.gl,Male,210.153.90.188,Fox,Sala,Sweden,733 24,Librarian,S
355,Clayson,Rodolfi,crodolfi9u@de.vu,Male,6.1.54.188,C70,Pantin,France,93504 CEDEX,Social Worker,XL
356,Layton,Benedetti,lbenedetti9v@mayoclinic.com,Male,187.155.12.65,Expedition,Changzheng,China,,Quality Control Specialist,S
357,Karen,Gasquoine,kgasquoine9w@qq.com,Female,162.82.12.66,Grand Vitara,Sumusţā as Sulţānī,Egypt,,Environmental Specialist,M
358,Barnie,Kippie,bkippie9x@house.gov,Male,169.24.28.133,Touareg,Bantogon,Philippines,5322,VP Product Management,XL
359,Alain,Inchboard,ainchboard9y@t.co,Polygender,162.71.243.146,Tacoma Xtra,Nanhe,China,,Recruiter,S
360,Lyn,Illyes,lillyes9z@yale.edu,Male,248.139.240.239,Accent,Nong Don,Thailand,50320,Analyst Programmer,XL
361,Janene,McNern,jmcnerna0@harvard.edu,Female,60.71.163.126,CC,Cahuanuyo,Peru,,Director of Sales,XL
362,Dougy,MacAlester,dmacalestera1@wufoo.com,Male,11.197.87.6,Accent,Tagoloan,Philippines,9222,Environmental Tech,S
363,Petronilla,Brake,pbrakea2@sciencedirect.com,Genderfluid,49.115.4.54,GTO,Sebuku,Indonesia,,Human Resources Manager,L
364,Gerrard,Pletts,gplettsa3@twitter.com,Male,3.230.188.144,Capri,Gonça,Portugal,4800-194,Pharmacist,XS
365,Sosanna,Petty,spettya4@w3.org,Bigender,123.252.181.62,Pathfinder,Mossel Bay,South Africa,6511,Compensation Analyst,XS
366,Nollie,Staite,nstaitea5@1und1.de,Male,211.92.19.36,Grand Caravan,Ishinomaki,Japan,986-2344,Chief Design Engineer,2XL
367,Germain,Magovern,gmagoverna6@123-reg.co.uk,Male,128.79.157.55,H2 SUV,Bugarama,Tanzania,,Electrical Engineer,L
368,Dani,Leveret,dlevereta7@dell.com,Male,213.231.214.166,Suburban 1500,Mollebamba,Peru,,Mechanical Systems Engineer,2XL
369,Salomone,Kramer,skramera8@woothemes.com,Male,114.8.1.181,CTS,Nepeña,Peru,,Research Associate,M
370,Elli,Milier,emiliera9@wunderground.com,Female,171.105.80.195,4Runner,Hoani,Comoros,,Graphic Designer,XS
371,Niki,Scandwright,nscandwrightaa@dell.com,Male,199.195.144.27,HHR,Lianyuan,China,,Community Outreach Specialist,S
372,Hieronymus,Baroch,hbarochab@pbs.org,Male,238.75.238.140,ZX2,Chichinales,Argentina,8326,Administrative Assistant I,S
373,Winston,Wallentin,wwallentinac@ft.com,Male,57.2.32.125,Continental GT,Mao’ershan,China,,Physical Therapy Assistant,XL
374,Bertrando,Adlington,badlingtonad@washington.edu,Male,192.87.190.171,Baja,Tyachiv,Ukraine,,Assistant Media Planner,XS
375,Bridget,Mechell,bmechellae@mapy.cz,Female,253.98.245.16,Prowler,Pingpu,China,,Civil Engineer,XS
376,Claudia,Kleinerman,ckleinermanaf@bravesites.com,Female,55.244.74.47,H2,Gonghe,China,,Nuclear Power Engineer,L
377,Farrel,Broose,fbrooseag@nytimes.com,Male,213.129.17.1,Legacy,Ad Dann,Yemen,,Office Assistant II,XS
378,Grace,Molyneaux,gmolyneauxah@state.gov,Male,21.249.239.8,T100 Xtra,Bestovje,Croatia,10437,Environmental Specialist,3XL
379,Huntley,Stollhofer,hstollhoferai@fema.gov,Male,116.189.190.101,Courier,Sattahip,Thailand,20180,Social Worker,3XL
380,Rodd,McCurdy,rmccurdyaj@icio.us,Male,182.180.200.77,Milan,Leninskoye,Russia,197733,Assistant Media Planner,L
381,Brad,Fourcade,bfourcadeak@virginia.edu,Male,141.244.84.195,929,Koumac,New Caledonia,98850,Human Resources Manager,3XL
382,Shawn,Rollings,srollingsal@shop-pro.jp,Male,66.16.179.170,Ram 2500 Club,Carhué,Argentina,6433,Food Chemist,S
383,Ruby,Dellit,rdellitam@arstechnica.com,Male,126.180.66.153,Tacoma,Ivanovka,Russia,102753,Quality Engineer,L
384,Roshelle,Degg,rdeggan@cnbc.com,Female,20.222.255.58,Yukon,Taitung City,Taiwan,,Geological Engineer,L
385,Clarissa,Rebanks,crebanksao@tripod.com,Female,171.66.175.141,TrailBlazer,Chamlykskaya,Russia,352547,Executive Secretary,3XL
386,Caresse,Donlon,cdonlonap@mit.edu,Female,71.129.211.88,Spectra,Cipancur,Indonesia,,Recruiting Manager,3XL
387,Leslie,Claypole,lclaypoleaq@army.mil,Female,39.206.246.190,Santa Fe,Tongqian,China,,Design Engineer,3XL
388,Clayborn,Borgne,cborgnear@umn.edu,Male,15.62.65.107,Protege,Don Chedi,Thailand,72170,Community Outreach Specialist,3XL
389,Sullivan,Miklem,smiklemas@fda.gov,Male,49.8.211.118,Express 1500,Luowan,China,,Environmental Specialist,XL
390,Ramsey,Screeton,rscreetonat@newsvine.com,Male,163.251.244.58,SL-Class,Gabao,Philippines,4707,Statistician I,XL
391,Matty,Haskew,mhaskewau@loc.gov,Female,167.109.16.96,Malibu,Anuling,Philippines,4501,Developer III,3XL
392,Idette,Bibby,ibibbyav@google.de,Female,166.86.103.182,Eclipse,Sáchica,Colombia,154047,Paralegal,S
393,Zachariah,Coote,zcooteaw@clickbank.net,Male,150.34.247.124,Aura,Oliveirinha,Portugal,3430-393,Marketing Manager,2XL
394,Anstice,VanBrugh,avanbrughax@ted.com,Female,120.23.21.155,E-Class,Jovellar,Philippines,4515,Financial Advisor,L
395,Niels,Kinnie,nkinnieay@thetimes.co.uk,Male,26.41.91.83,Bonneville,Kandang Timur,Indonesia,,Graphic Designer,2XL
396,Malina,MacKniely,mmacknielyaz@jugem.jp,Female,222.223.0.237,RX-8,Huaiyuan Chengguanzhen,China,,Senior Sales Associate,XL
397,Theodor,Hanwell,thanwellb0@cyberchimps.com,Male,223.150.193.118,Grand Cherokee,Puerto Barrios,Guatemala,18001,Programmer Analyst I,L
398,Abe,Ianne,aianneb1@creativecommons.org,Male,113.243.243.216,Impala,San Jose,United States,95123,Account Executive,2XL
399,Kirsteni,Domenici,kdomenicib2@adobe.com,Female,133.147.77.108,F150,Venilale,East Timor,,Internal Auditor,2XL
400,Jeffrey,Partleton,jpartletonb3@blinklist.com,Male,19.63.75.221,550,Lages,Brazil,88500-000,Associate Professor,XL
401,Thorstein,Rowlin,trowlinb4@comsenz.com,Polygender,154.27.106.209,Tiburon,Sendang,Indonesia,,Automation Specialist III,XL
402,Denys,Cornner,dcornnerb5@uol.com.br,Female,242.213.218.26,Topaz,Jiading,China,,Research Associate,3XL
403,Roy,Jorgesen,rjorgesenb6@4shared.com,Male,139.111.85.82,EX,Valdivia,Chile,,Design Engineer,L
404,Ileane,Schollick,ischollickb7@dagondesign.com,Female,150.149.68.196,SL-Class,Yam,Russia,142008,Chief Design Engineer,L
405,Danit,Cackett,dcackettb8@cnn.com,Female,119.231.93.206,del Sol,Maiwang,China,,Web Developer III,2XL
406,Thorsten,Piscot,tpiscotb9@ow.ly,Male,17.63.224.225,Savana Cargo Van,Torez,Ukraine,,Mechanical Systems Engineer,XL
407,Averil,Deluze,adeluzeba@friendfeed.com,Male,76.249.220.1,Ram Van B350,Piaski,Poland,63-820,Database Administrator I,2XL
408,Ezechiel,Standrin,estandrinbb@uiuc.edu,Male,109.51.90.97,Sonata,Jawl al Majma‘,Yemen,,Senior Sales Associate,L
409,Patton,Dartan,pdartanbc@bloglovin.com,Male,76.42.76.10,Prius,Guangning,China,,Editor,M
410,Geralda,Franzen,gfranzenbd@dagondesign.com,Genderfluid,244.99.132.27,Suburban 1500,Cajacay,Peru,,VP Product Management,2XL
411,Tomaso,Cheak,tcheakbe@qq.com,Male,8.53.219.13,F150,Qingliu,China,,GIS Technical Architect,M
412,Thorpe,Schimon,tschimonbf@aboutads.info,Male,33.66.57.20,Cutlass,Jingyao,China,,Account Representative I,M
413,Nanni,Yorston,nyorstonbg@pagesperso-orange.fr,Female,191.207.59.251,Bonneville,Maoyang,China,,Assistant Manager,XL
414,Rolland,Martyntsev,rmartyntsevbh@abc.net.au,Male,255.134.15.194,Spider,Tadrart,Morocco,,Accountant IV,3XL
415,Erma,Johananoff,ejohananoffbi@prweb.com,Bigender,199.240.153.203,760,Srubec,Czech Republic,370 06,Nurse Practicioner,2XL
416,Rich,Scallon,rscallonbj@t-online.de,Male,101.133.28.63,SL-Class,Goundi,Chad,,Operator,XL
417,Lilyan,Rechert,lrechertbk@bravesites.com,Female,138.56.169.169,MPV,Damnica,Poland,76-231,Staff Scientist,L
418,Damita,Bricknell,dbricknellbl@myspace.com,Female,181.50.14.105,3500 Club Coupe,Potrerillos,Honduras,,Editor,M
419,Neall,Pressey,npresseybm@tuttocitta.it,Male,237.28.152.8,750,Tešanj,Bosnia and Herzegovina,,Human Resources Assistant I,XL
420,Artus,Ellen,aellenbn@com.com,Male,168.237.133.45,Mountaineer,Ouijjane,Morocco,,Senior Sales Associate,XL
421,Zed,Pesselt,zpesseltbo@exblog.jp,Male,184.111.37.255,Stratus,Mykonos,Greece,,Design Engineer,S
422,Jenna,Latch,jlatchbp@vimeo.com,Polygender,237.254.109.212,350Z Roadster,Wonorejo,Indonesia,,Professor,L
423,Vincenz,Macenzy,vmacenzybq@miitbeian.gov.cn,Male,26.173.6.5,X5 M,Maojia,China,,Tax Accountant,XL
424,Ike,Simionato,isimionatobr@topsy.com,Male,154.4.70.131,Intrigue,Vol’no-Nadezhdinskoye,Russia,238603,Actuary,3XL
425,Newton,Kenneford,nkennefordbs@weebly.com,Male,107.200.108.27,Savana 2500,Pasirsongket Dua,Indonesia,,Recruiting Manager,XL
426,Camile,Barclay,cbarclaybt@irs.gov,Female,140.176.81.205,Vision,Vilque,Peru,,Engineer III,XL
427,Vic,Eakle,veaklebu@webmd.com,Male,201.153.106.143,G,Chã,Portugal,2435-091,Senior Sales Associate,XL
428,Anthiathia,Stubbert,astubbertbv@vistaprint.com,Female,192.119.138.20,Vantage,Mabunga,Philippines,4307,Senior Editor,S
429,Virgie,Wimbury,vwimburybw@mtv.com,Male,48.162.131.119,RL,Ambunti,Papua New Guinea,,Project Manager,XL
430,Rogers,Muzzillo,rmuzzillobx@ucoz.ru,Male,117.220.233.251,Passat,Brikcha,Morocco,,Programmer Analyst IV,M
431,Clemmy,Cromie,ccromieby@biblegateway.com,Female,240.139.52.111,X5,Kangaslampi,Finland,79480,Automation Specialist IV,S
432,Benedicta,Sheehy,bsheehybz@wix.com,Female,16.83.110.125,Grand Prix,Yangcun,China,,Biostatistician I,3XL
433,Delora,Flagg,dflaggc0@cmu.edu,Female,12.208.9.190,Dakota Club,Muladbucad,Philippines,1095,Account Executive,3XL
434,Raina,Gasken,rgaskenc1@squidoo.com,Genderqueer,194.201.141.15,Mountaineer,Sandaohezi,China,,Data Coordiator,2XL
435,Hardy,Duerdin,hduerdinc2@stanford.edu,Male,197.213.243.212,8 Series,Morani,Macedonia,2436,Occupational Therapist,XS
436,Athene,Cuthill,acuthillc3@bluehost.com,Female,14.60.7.142,Sonata,Velká Polom,Czech Republic,747 64,Paralegal,L
437,Dennison,Burley,dburleyc4@msn.com,Male,209.52.240.191,TSX,Uitenhage,South Africa,6242,Internal Auditor,2XL
438,Matty,Drayn,mdraync5@sphinn.com,Male,196.164.172.210,Baja,Panjakent,Tajikistan,,Compensation Analyst,L
439,Thelma,Toderbrugge,ttoderbruggec6@gmpg.org,Female,118.177.60.177,DeVille,Bojong,Indonesia,,Help Desk Operator,L
440,Merci,Lampitt,mlampittc7@blogs.com,Female,162.162.125.70,Golf,Ādaži,Latvia,,Structural Analysis Engineer,XS
441,Jeanine,Bertholin,jbertholinc8@ihg.com,Female,15.182.204.106,Sequoia,Borgholm,Sweden,387 34,Biostatistician IV,L
442,Shurlocke,Goaley,sgoaleyc9@foxnews.com,Male,252.139.0.131,Grand Prix,Ajaccio,France,20311 CEDEX 1,Recruiter,XS
443,Egbert,McIlenna,emcilennaca@tripadvisor.com,Male,89.119.195.221,C30,Zarechnyy,Russia,456843,VP Product Management,L
444,Meggy,Garlick,mgarlickcb@biblegateway.com,Female,17.240.196.195,Scirocco,Muqi,China,,Accounting Assistant III,S
445,Nickie,Garfit,ngarfitcc@last.fm,Female,181.20.202.156,ZDX,Dadian,China,,General Manager,M
446,Thorn,August,taugustcd@quantcast.com,Male,162.125.199.230,Navigator,Digkilaan,Philippines,9025,Analyst Programmer,M
447,Ricky,Mooreed,rmooreedce@mit.edu,Male,3.69.124.227,Focus,Andalucía,Colombia,763008,Pharmacist,L
448,Val,Lownds,vlowndscf@ow.ly,Female,55.105.116.85,C8,Maroa,Venezuela,,Data Coordiator,M
449,Kaitlin,Germaine,kgermainecg@whitehouse.gov,Female,38.85.97.182,Escort,Altay,Kazakhstan,,Environmental Specialist,3XL
450,Shay,Braybrookes,sbraybrookesch@unicef.org,Male,61.253.101.161,Sierra 2500,Villa del Carmen,Uruguay,,Office Assistant I,L
451,Glynda,Hepher,ghepherci@com.com,Female,74.4.18.86,Escape,Le Grand-Quevilly,France,76124 CEDEX,Engineer II,2XL
452,Guendolen,Longwood,glongwoodcj@usatoday.com,Female,255.181.105.211,Baja,Qingtong,China,,Account Representative I,XL
453,Alford,Devers,adeversck@sourceforge.net,Male,105.154.199.96,B-Series,San Basilio,Philippines,2007,Assistant Professor,3XL
454,Chevalier,Hanks,chankscl@seattletimes.com,Male,94.122.52.229,DB9,Santiago,Mexico,54784,Desktop Support Technician,XL
455,Letty,Dacombe,ldacombecm@twitter.com,Female,143.102.63.185,Express 2500,Panan,Philippines,1105,Research Associate,L
456,Eddy,Lefley,elefleycn@bloglines.com,Male,158.91.40.174,Arnage,Manzanares,Colombia,173028,VP Sales,XS
457,Amery,Dalrymple,adalrympleco@berkeley.edu,Male,47.212.173.111,VUE,Huilong,China,,Registered Nurse,2XL
458,Debby,Saffon,dsaffoncp@seesaa.net,Female,226.31.168.243,Vandura G3500,Sergeyevka,Russia,142516,Clinical Specialist,S
459,Raddy,Lovegrove,rlovegrovecq@github.io,Male,114.201.162.235,STS,Karolinka,Czech Republic,756 05,Web Designer III,3XL
460,Padget,Barajas,pbarajascr@barnesandnoble.com,Male,15.163.187.83,Milan,Wysoka,Poland,89-320,Chemical Engineer,S
461,Mildrid,Barneville,mbarnevillecs@yahoo.co.jp,Female,78.99.63.236,Aveo,Sausa,Peru,,Executive Secretary,S
462,Tory,Ace,tacect@nature.com,Female,34.163.148.207,Vandura 1500,Nkayi,Republic of the Congo,,Marketing Assistant,XL
463,Malorie,Tizard,mtizardcu@jigsy.com,Polygender,215.94.28.226,SLK-Class,Talangbetutu,Indonesia,,Electrical Engineer,L
464,Lesley,Bulteel,lbulteelcv@opera.com,Female,212.23.191.214,G-Class,Cruz,Portugal,4605-431,Executive Secretary,XS
465,Chrystal,De Santos,cdesantoscw@technorati.com,Female,80.6.201.94,G8,Pécs,Hungary,7631,Media Manager I,S
466,Berkie,Pirot,bpirotcx@sbwire.com,Male,117.93.64.121,SC,Columbus,United States,43215,Recruiter,XL
467,Marylin,Oakeby,moakebycy@diigo.com,Agender,15.146.172.185,Stanza,Jinzhuang,China,,Sales Associate,2XL
468,Eleonore,Hacquel,ehacquelcz@senate.gov,Female,161.22.80.202,R-Class,Fovissste,Mexico,85936,Professor,M
469,Aurore,Dreossi,adreossid0@umn.edu,Female,250.35.77.21,Range Rover,Xiangshan,China,,Administrative Assistant I,L
470,Ramsay,Sivorn,rsivornd1@ow.ly,Male,80.170.92.162,CX-7,Ciparakan,Indonesia,,Chemical Engineer,XS
471,Inge,Francescoccio,ifrancescocciod2@europa.eu,Agender,114.148.174.161,626,Novosil’,Russia,303509,Help Desk Operator,2XL
472,Chloette,Dwerryhouse,cdwerryhoused3@microsoft.com,Female,237.29.54.88,Tredia,Bueng Khong Long,Thailand,39180,Senior Sales Associate,L
473,Corey,Novelli,cnovellid4@hp.com,Male,84.175.178.105,Sonata,Mehron,Tajikistan,,Web Developer III,XS
474,Eleanora,Bloore,ebloored5@wp.com,Female,46.169.19.37,Freestar,Kostopil’,Ukraine,,Software Test Engineer I,M
475,Maurita,Kenrat,mkenratd6@mapquest.com,Female,25.218.172.36,RX,Cabanas,Portugal,2950-556,VP Marketing,M
476,Blair,Druery,bdrueryd7@webnode.com,Male,122.96.249.135,Yukon XL 2500,Monticello,United States,55590,Occupational Therapist,L
477,Talbert,Espinel,tespineld8@cnn.com,Male,144.38.225.37,Amanti,Sigayevo,Russia,427990,Registered Nurse,L
478,Sharai,Normansell,snormanselld9@nih.gov,Female,64.223.216.138,Xterra,Heishan,China,,Accountant IV,XL
479,Smitty,Dymick,sdymickda@woothemes.com,Male,111.145.249.7,Lucerne,Sandu,China,,Office Assistant III,L
480,Louisette,Wellwood,lwellwooddb@meetup.com,Female,12.53.72.191,Element,Kentongan,Indonesia,,Structural Engineer,2XL
481,Andra,Wolsey,awolseydc@businessweek.com,Female,242.175.243.181,Tiburon,Motala,Sweden,591 99,Food Chemist,3XL
482,Prissie,Rawling,prawlingdd@unicef.org,Female,224.51.109.169,Flex,Fundong,Cameroon,,VP Marketing,S
483,Pip,Varty,pvartyde@simplemachines.org,Male,4.112.79.27,B-Series Plus,Cipari,Indonesia,,Financial Advisor,3XL
484,Blondy,Parmeter,bparmeterdf@goodreads.com,Female,49.103.80.127,A3,Yinjiaxi,China,,Environmental Tech,L
485,Adham,Rickersy,arickersydg@google.com.br,Male,133.33.253.38,Grand Cherokee,Tanakawu Dua,Indonesia,,Programmer I,S
486,Salmon,Timblett,stimblettdh@mashable.com,Polygender,75.126.35.217,GTI,Kedungtuban,Indonesia,,Help Desk Technician,2XL
487,Arch,Bugbird,abugbirddi@ibm.com,Male,158.49.173.123,VUE,Putina,Peru,,Clinical Specialist,S
488,Jeno,Joddins,jjoddinsdj@yandex.ru,Male,166.162.151.249,Jetta,Catamayo,Ecuador,,VP Marketing,M
489,Andie,Lofts,aloftsdk@stumbleupon.com,Male,172.31.0.192,Sportage,Garanhuns,Brazil,55290-000,Research Associate,M
490,Moria,Flips,mflipsdl@opera.com,Female,99.73.92.48,Pathfinder Armada,Paris 13,France,75623 CEDEX 13,General Manager,M
491,Merwyn,Ollie,molliedm@over-blog.com,Male,179.135.57.229,Sierra 3500,Tarko-Sale,Russia,629851,Structural Analysis Engineer,S
492,Ignazio,Breadon,ibreadondn@usda.gov,Male,213.27.242.162,Rainier,Rio das Ostras,Brazil,28890-000,Biostatistician IV,M
493,Deena,Waterstone,dwaterstonedo@ihg.com,Female,205.78.139.109,H2,Tonota,Botswana,,Nurse,2XL
494,Harley,Wonter,hwonterdp@angelfire.com,Male,153.42.208.137,Town & Country,Labnig,Philippines,6534,VP Quality Control,M
495,Miran,Carillo,mcarillodq@biblegateway.com,Female,158.32.161.92,325,Flandes,Colombia,733517,Research Assistant IV,3XL
496,Deck,Pennuzzi,dpennuzzidr@bizjournals.com,Male,241.114.115.197,B-Series,Granja,Portugal,4690-711,Structural Engineer,XL
497,Karee,Antony,kantonyds@webnode.com,Female,114.97.70.130,RDX,Yoro,Honduras,,Programmer Analyst IV,XS
498,Bastian,Rudge,brudgedt@hostgator.com,Male,34.70.128.8,Lancer,Buenavista,Mexico,55635,Help Desk Operator,2XL
499,Herve,Sandars,hsandarsdu@prlog.org,Male,70.92.190.94,MDX,Tuguan,China,,Actuary,XL
500,Aubrey,Galbraeth,agalbraethdv@japanpost.jp,Female,91.50.147.225,LeMans,Fengcheng,China,,Engineer II,3XL
