id,first_name,last_name,email,gender,ip_address,car_model,city,country,postalcode,jobtittle,shirt_size
1,Brandon,Wiggins,bwiggins0@blogtalkradio.com,Male,66.153.75.188,928,Moissy-Cramayel,France,77554 CEDEX,Junior Executive,3XL
2,Greggory,Feighney,gfeighney1@cloudflare.com,Male,90.49.57.54,F-Series,Angered,Sweden,424 10,Account Coordinator,2XL
3,Elfrieda,Goulstone,egoulstone2@pbs.org,Female,109.18.26.146,Enclave,Kunri,Pakistan,94101,Financial Advisor,S
4,Carmon,Purvess,cpurvess3@ning.com,Female,226.138.136.1,911,Calape,Philippines,6328,Data Coordiator,XS
5,Halley,Lampett,hlampett4@wordpress.org,Female,77.195.42.161,Sportvan G30,Krasnokamensk,Russia,662955,Assistant Professor,S
6,Judy,Paye,jpaye5@cnet.com,Female,166.135.79.167,M3,Chã Grande,Brazil,55636-000,Pharmacist,M
7,Hagan,Keelin,hkeelin6@themeforest.net,Male,227.202.155.254,Cougar,Aeka,Indonesia,,Teacher,XL
8,Barry,Wallbridge,bwallbridge7@webs.com,Male,148.63.62.230,Explorer,Candelaria,Philippines,4323,Account Coordinator,3XL
9,Elysia,Jarvis,ejarvis8@eepurl.com,Female,122.78.57.78,Corvette,Lomma,Sweden,234 27,Junior Executive,XS
10,Archie,Giacomo,agiacomo9@ycombinator.com,Polygender,135.190.231.221,Town & Country,Nový Bydžov,Czech Republic,504 01,Account Representative III,M
11,Lishe,Schollar,lschollara@topsy.com,Female,217.159.57.226,Sprinter 2500,Marantao,Philippines,9711,Programmer IV,XL
12,Tybalt,Vasilchenko,tvasilchenkob@epa.gov,Male,92.153.32.20,Mazdaspeed 3,Mogzon,Russia,613594,Director of Sales,3XL
13,Grady,Grayson,ggraysonc@simplemachines.org,Male,217.237.54.150,Suburban 1500,Lugang,China,,Help Desk Operator,M
14,Mateo,Whall,mwhalld@cornell.edu,Male,244.159.28.234,Electra,Karlstad,Sweden,653 44,Staff Scientist,L
15,Jodi,Depka,jdepkae@amazon.com,Male,89.230.254.116,Express,Santa Rosa de Viterbo,Brazil,14270-000,Human Resources Manager,XS
16,Randie,Cockell,rcockellf@mit.edu,Male,150.231.127.202,Sable,Pingdong,China,,Account Coordinator,L
17,Helaina,Joderli,hjoderlig@narod.ru,Female,220.28.252.117,Silverado 2500,Křížová,Czech Republic,794 01,Administrative Officer,XS
18,Shawn,Gallico,sgallicoh@linkedin.com,Female,223.183.45.215,F450,Vievis,Lithuania,21058,Data Coordiator,3XL
19,Kath,Chittenden,kchittendeni@gnu.org,Genderfluid,25.133.1.216,E-Series,Kamenka,Russia,241011,Environmental Specialist,XS
20,Bob,Norree,bnorreej@clickbank.net,Male,221.32.23.174,Corvette,Melun,France,77050 CEDEX,Mechanical Systems Engineer,3XL
21,Lucius,Bracchi,lbracchik@uol.com.br,Male,94.184.236.161,300E,Disūq,Egypt,,Administrative Officer,XL
22,Juliet,Elloit,jelloitl@stumbleupon.com,Female,246.56.237.248,Insight,Hovd,Mongolia,,Research Nurse,S
23,Eden,Bernardeschi,ebernardeschim@bravesites.com,Bigender,102.11.210.58,Passat,Mölndal,Sweden,431 87,Chemical Engineer,3XL
24,Kalina,Tosh,ktoshn@fc2.com,Genderfluid,59.118.130.176,E-Series,Gävle,Sweden,806 36,Research Nurse,3XL
25,Lionel,Romero,lromeroo@cnbc.com,Male,124.46.51.99,Sierra 2500,Kisarazu,Japan,299-0271,VP Sales,XL
26,Shandeigh,Yankov,syankovp@behance.net,Female,182.150.71.40,Yukon XL 2500,Oras,Philippines,6818,Financial Analyst,S
27,Susette,Bewick,sbewickq@google.nl,Female,55.245.53.84,GTI,Fenshui,China,,Analog Circuit Design manager,S
28,Neron,Whiskin,nwhiskinr@nsw.gov.au,Male,166.203.91.208,Savana 1500,Levallois-Perret,France,92691 CEDEX,Research Associate,L
29,Cordy,Dundon,cdundons@tamu.edu,Female,248.131.232.51,A5,Hamburg Winterhude,Germany,22303,Design Engineer,2XL
30,Lilias,Calf,lcalft@dedecms.com,Female,46.109.91.163,Typ-1,Busay,Philippines,1556,Registered Nurse,L
31,Mort,Cormode,mcormodeu@creativecommons.org,Male,77.238.153.141,H1,Kurba,Russia,150534,Operator,XS
32,Lazar,Brotherick,lbrotherickv@so-net.ne.jp,Male,176.216.47.247,Expedition,Gebre Guracha,Ethiopia,,Clinical Specialist,XS
33,Delora,Muckersie,dmuckersiew@gravatar.com,Female,228.249.29.113,Outlander,Alung,Indonesia,,Programmer I,L
34,Lanie,Ungerecht,lungerechtx@flickr.com,Male,65.19.1.117,RAV4,Essang,Indonesia,,Structural Analysis Engineer,2XL
35,Pierrette,Mackness,pmacknessy@google.ru,Female,254.10.163.14,F250,Fusagasuga,Colombia,252219,Chemical Engineer,XL
36,Philly,Kyrkeman,pkyrkemanz@list-manage.com,Female,14.207.181.56,Durango,Dutsin Ma,Nigeria,,Assistant Professor,3XL
37,Dora,Simonsson,dsimonsson10@tmall.com,Female,111.13.42.165,Daewoo Lacetti,Jianzhatan,China,,Information Systems Manager,XL
38,Patrick,Ibotson,pibotson11@bbb.org,Male,19.120.247.252,Express 3500,Radviliskis,Lithuania,82001,Business Systems Development Analyst,2XL
39,Louise,Chittie,lchittie12@pagesperso-orange.fr,Female,12.116.24.3,MPV,Imeni Zhelyabova,Russia,162825,Design Engineer,M
40,Alfy,Butler-Bowdon,abutlerbowdon13@paginegialle.it,Female,107.145.40.131,Durango,Cihaur,Indonesia,,Analog Circuit Design manager,L
41,Cyrillus,Willcot,cwillcot14@networkadvertising.org,Male,38.84.109.116,Pajero,Benjamin Constant,Brazil,69630-000,Web Designer I,2XL
42,Michelle,Hinckes,mhinckes15@wordpress.com,Female,54.228.136.59,Z4,Hongtu,China,,Desktop Support Technician,XL
43,Ofilia,Neem,oneem16@furl.net,Female,74.206.0.105,Mirage,Uchiza,Peru,,Nuclear Power Engineer,XS
44,Ram,Thorn,rthorn17@squarespace.com,Male,112.225.121.162,X6 M,Longhua,China,,Health Coach I,S
45,Sebastiano,Drance,sdrance18@drupal.org,Male,9.227.240.117,Tracker,Mweka,Democratic Republic of the Congo,,Dental Hygienist,3XL
46,Mirella,Cullingford,mcullingford19@skype.com,Female,254.36.252.98,Safari,Uitiuhtuan,Indonesia,,VP Sales,S
47,Jordain,Lambdean,jlambdean1a@yolasite.com,Female,150.112.93.244,Defender,Arenas,Philippines,2011,Registered Nurse,2XL
48,Danyelle,Wickey,dwickey1b@arizona.edu,Female,134.189.18.109,Continental Flying Spur,Kamionka Strumitowa,Ukraine,,Quality Engineer,2XL
49,Cesare,Aleshintsev,caleshintsev1c@google.pl,Male,132.200.166.254,DTS,La Virginia,Colombia,662007,Health Coach I,XS
50,Nicol,Echallie,nechallie1d@senate.gov,Female,47.230.96.50,Blazer,Huangbei,China,,Teacher,S
51,Alford,Purcell,apurcell1e@yelp.com,Male,124.43.11.89,Century,Novoaleksandrovsk,Russia,356003,Geological Engineer,L
52,Sander,Chandler,schandler1f@rakuten.co.jp,Male,60.137.92.231,Sebring,Suzhou,China,,Budget/Accounting Analyst IV,2XL
53,Tomasine,Pardoe,tpardoe1g@aboutads.info,Female,34.79.156.183,Dakota Club,Feijó,Brazil,69960-000,Internal Auditor,M
54,Coreen,Truckell,ctruckell1h@netvibes.com,Female,102.56.229.31,Regal,Kajanan,Indonesia,,Chief Design Engineer,S
55,Stefa,Hundey,shundey1i@free.fr,Female,210.191.207.164,T100 Xtra,Mama,Russia,666811,Nurse Practicioner,L
56,Ozzy,Scandrick,oscandrick1j@bloglovin.com,Male,74.57.148.51,S4,El Ocotón,Honduras,,Analyst Programmer,2XL
57,Kathye,Tuffell,ktuffell1k@prweb.com,Female,97.242.181.201,Q,Sattahip,Thailand,20180,Social Worker,XL
58,Isador,Packe,ipacke1l@mapquest.com,Male,250.188.99.111,Quest,Kilifi,Kenya,,Food Chemist,M
59,Jilleen,Eastlake,jeastlake1m@google.es,Female,218.155.71.202,Tacoma,Casal da Serra,Portugal,2560-057,Recruiting Manager,M
60,Melany,Dorro,mdorro1n@zdnet.com,Female,251.98.141.36,Riviera,San José,Costa Rica,40602,Paralegal,S
61,Nanine,Hardey,nhardey1o@columbia.edu,Female,141.212.80.185,Land Cruiser,Villa Nueva,Honduras,,Human Resources Manager,3XL
62,Ree,Scherme,rscherme1p@java.com,Female,69.170.4.125,Gallardo,Tabatinga,Brazil,14910-000,Senior Quality Engineer,XS
63,Quint,Snodin,qsnodin1q@yahoo.com,Male,150.74.220.112,300ZX,Foluo,China,,Automation Specialist IV,2XL
64,Lil,Eisenberg,leisenberg1r@yahoo.co.jp,Female,140.250.246.134,3000GT,Sukhirin,Thailand,96190,Chemical Engineer,XL
65,Heinrick,Simmance,hsimmance1s@dmoz.org,Male,20.119.207.255,C30,Gongnong,China,,Chemical Engineer,M
66,Carolus,Humpherston,chumpherston1t@yelp.com,Male,59.99.205.184,C-Class,Minian,Indonesia,,Speech Pathologist,M
67,Antone,Cobden,acobden1u@i2i.jp,Male,16.226.160.252,RX,Wu’erbu Baolige,China,,Mechanical Systems Engineer,M
68,Meara,McSweeney,mmcsweeney1v@topsy.com,Female,38.169.208.113,Econoline E150,Kuttu,Micronesia,,Electrical Engineer,3XL
69,Levin,Simonyi,lsimonyi1w@purevolume.com,Male,228.187.39.45,Sportvan G20,Jimo,China,,Help Desk Technician,3XL
70,Saloma,Chick,schick1x@parallels.com,Female,196.87.0.65,430,Nouvelle France,Mauritius,,Cost Accountant,XL
71,Leanor,Yitzhakof,lyitzhakof1y@hp.com,Female,65.119.224.163,Escalade,Strömsund,Sweden,833 34,Recruiting Manager,2XL
72,Dore,Herrema,dherrema1z@go.com,Female,25.227.215.255,X6 M,Yongxing Chengguanzhen,China,,Web Developer III,2XL
73,Estel,Scudder,escudder20@themeforest.net,Female,46.59.47.244,Corvette,Shurugwi,Zimbabwe,,Structural Engineer,2XL
74,Bruis,Swayton,bswayton21@wikipedia.org,Male,32.170.220.162,Sonata,Khombole,Senegal,,Geological Engineer,XL
75,Raleigh,Garment,rgarment22@prlog.org,Male,229.183.145.234,Viper,Itararé,Brazil,18460-000,Project Manager,L
76,Cob,Rosser,crosser23@google.co.jp,Male,151.35.184.97,A4,Maquiapo,Philippines,2007,Recruiting Manager,S
77,Dela,Auchterlony,dauchterlony24@xinhuanet.com,Female,11.64.132.82,Type-1h,Al Ḩammāmāt,Tunisia,,Senior Sales Associate,2XL
78,Vincenz,Roscamp,vroscamp25@issuu.com,Male,6.150.106.246,2500,Kurikka,Finland,61301,Quality Control Specialist,XL
79,Dania,Witherspoon,dwitherspoon26@nih.gov,Female,226.69.64.26,riolet,Braga,Portugal,4700-005,Registered Nurse,XL
80,Valdemar,Scoines,vscoines27@miibeian.gov.cn,Male,252.84.207.210,Corsica,Guozhuang,China,,Teacher,2XL
81,Tish,Bauduin,tbauduin28@hatena.ne.jp,Female,242.104.3.86,Cabriolet,Loudun,France,86206 CEDEX,Sales Representative,3XL
82,Addie,Brunger,abrunger29@geocities.com,Female,18.55.15.250,Type 2,Satu Nou,Romania,737513,Design Engineer,3XL
83,Humbert,Cromblehome,hcromblehome2a@ed.gov,Male,8.175.13.127,Integra,Liuzuo,China,,Financial Analyst,S
84,Jere,Gruszecki,jgruszecki2b@illinois.edu,Male,46.134.15.12,Mustang,Slantsy,Russia,188565,Speech Pathologist,S
85,Thayne,Danihelka,tdanihelka2c@ed.gov,Male,153.107.143.39,Cooper,Vologda,Russia,160034,Nurse Practicioner,S
86,Craig,Boncore,cboncore2d@sohu.com,Male,119.108.198.249,Continental Mark VII,Malbork,Poland,82-210,Database Administrator III,L
87,Alwin,Labern,alabern2e@guardian.co.uk,Male,26.102.224.4,Silverado 2500,Norrköping,Sweden,601 14,Biostatistician III,M
88,Fanya,Hargerie,fhargerie2f@about.me,Female,106.214.153.42,Fleetwood,Wilga,Poland,08-470,Marketing Manager,XS
89,Blithe,Tomasino,btomasino2g@yelp.com,Female,207.105.79.34,Swift,Fujioka,Japan,999-7638,Technical Writer,XS
90,Kory,Skitterel,kskitterel2h@google.com.hk,Male,146.63.42.42,M-Class,Gaoxing,China,,Accountant II,3XL
91,Goldia,Hallen,ghallen2i@google.co.uk,Female,74.33.170.208,MX-6,Zala,China,,Analog Circuit Design manager,L
92,Bernetta,Tresvina,btresvina2j@skyrock.com,Female,77.134.117.104,Frontier,São Lourenço,Brazil,37470-000,Quality Engineer,XL
93,Caryl,Littleton,clittleton2k@washingtonpost.com,Polygender,110.179.177.202,Esperante,Enköping,Sweden,745 38,Marketing Manager,3XL
94,Loren,McGillivray,lmcgillivray2l@t-online.de,Female,199.191.236.55,GTI,Liwan,Philippines,3808,Senior Quality Engineer,2XL
95,Teddy,Boice,tboice2m@ihg.com,Male,117.62.179.162,B-Series Plus,Maoping,China,,Recruiter,XS
96,Benita,Simonsson,bsimonsson2n@ucla.edu,Female,193.197.21.151,Rodeo,San Fernando de Monte Cristi,Dominican Republic,11509,Analyst Programmer,2XL
97,Clark,Simco,csimco2o@ftc.gov,Male,77.193.100.127,Fox,Quanling,China,,Software Test Engineer III,M
98,Faydra,Reichhardt,freichhardt2p@blog.com,Female,3.130.161.210,VS Commodore,Changtan,China,,Geological Engineer,3XL
99,Andras,MacPadene,amacpadene2q@phoca.cz,Male,121.18.227.164,Boxster,Navashino,Russia,452538,Senior Quality Engineer,M
100,Theodor,Calloway,tcalloway2r@aol.com,Male,239.201.204.179,200,Lagoa de Albufeira,Portugal,2970-267,Accounting Assistant IV,XS
101,Carri,Perigeaux,cperigeaux2s@businessinsider.com,Female,181.66.25.134,Viper,Al Muţayrifī,Saudi Arabia,,Operator,M
102,Perla,Teas,pteas2t@oracle.com,Female,197.73.130.119,Esprit,Sarandë,Albania,,Marketing Manager,XL
103,Mikael,Polkinghorne,mpolkinghorne2u@bigcartel.com,Male,124.208.162.46,Sentra,Yuxi,China,,Accountant III,L
104,Albertina,Pigford,apigford2v@bing.com,Female,235.115.178.124,GTI,Lantian,China,,Health Coach II,S
105,Corinna,Kilfoyle,ckilfoyle2w@patch.com,Female,241.104.83.224,Sienna,Dapitan,Philippines,3307,Registered Nurse,M
106,Jarred,Enochsson,jenochsson2x@elpais.com,Male,131.205.34.104,RL,Oujda,Morocco,,Nurse Practicioner,3XL
107,Averell,Rickert,arickert2y@squidoo.com,Male,217.123.188.171,Achieva,Laval,France,53009 CEDEX,Business Systems Development Analyst,M
108,Hyatt,Lainge,hlainge2z@blogger.com,Male,238.115.173.228,9-5,Shahrīār,Iran,,VP Product Management,XS
109,Gustavus,Glanert,gglanert30@spiegel.de,Male,172.151.197.41,500SL,Kuala Lumpur,Malaysia,55908,Financial Advisor,XS
110,Martha,Raffles,mraffles31@gnu.org,Female,139.222.238.105,Tribute,Kantharalak,Thailand,33110,Electrical Engineer,M
111,Gerhard,Wildman,gwildman32@ehow.com,Male,199.174.142.212,Range Rover,Baishi,China,,Engineer IV,M
112,Antonina,Liddicoat,aliddicoat33@imdb.com,Female,160.219.202.89,GranTurismo,Zhengdonglu,China,,Developer IV,M
113,Terri,Britt,tbritt34@cloudflare.com,Agender,23.28.234.157,Taurus X,San Matías,Bolivia,,Quality Control Specialist,XL
114,Modesty,Pilbury,mpilbury35@alibaba.com,Female,181.153.154.182,Ram 2500 Club,Igarapé,Brazil,32900-000,Technical Writer,XS
115,Bonnibelle,Prince,bprince36@tamu.edu,Female,117.95.50.149,Town & Country,Powidz,Poland,62-430,Nurse,S
116,Evvy,Prinnett,eprinnett37@oaic.gov.au,Female,3.220.243.110,4Runner,Černá Hora,Czech Republic,679 21,Systems Administrator IV,XL
117,Oona,Beccero,obeccero38@histats.com,Female,241.143.125.106,Continental Flying Spur,Na Muen,Thailand,55180,Quality Engineer,3XL
118,Jamil,Manford,jmanford39@howstuffworks.com,Male,193.135.235.203,Landaulet,Sungsang,Indonesia,,Chief Design Engineer,3XL
119,Prissie,Inker,pinker3a@ca.gov,Female,44.254.124.76,LHS,Avignon,France,84902 CEDEX 9,Occupational Therapist,2XL
120,Miran,Ottee,mottee3b@xrea.com,Female,94.76.94.211,Elise,Geoktschai,Azerbaijan,,Software Consultant,XL
121,Tamarra,Thomel,tthomel3c@hostgator.com,Female,251.121.0.86,Bonneville,Huaqiao,China,,Teacher,XS
122,Melisent,Furmenger,mfurmenger3d@woothemes.com,Female,170.79.173.125,LaCrosse,Morropón,Peru,,Account Coordinator,S
123,Erena,Cudbird,ecudbird3e@bravesites.com,Female,62.133.89.38,Z3,Alingsås,Sweden,441 63,Associate Professor,L
124,Sheffield,Heyburn,sheyburn3f@last.fm,Male,142.77.108.224,Mustang,Gandara,Philippines,6706,Administrative Officer,XL
125,Arman,Mathiot,amathiot3g@hibu.com,Male,217.0.3.154,G,Boychinovtsi,Bulgaria,3453,Help Desk Technician,XL
126,Deloris,Curragh,dcurragh3h@amazon.co.jp,Female,71.39.61.72,S4,Punta Cana,Dominican Republic,11805,Executive Secretary,XL
127,Rogers,Crone,rcrone3i@prnewswire.com,Male,158.150.104.77,Jimmy,Juripiranga,Brazil,58330-000,Operator,M
128,Prince,Wyon,pwyon3j@techcrunch.com,Male,13.83.95.12,Esprit,Balong,Indonesia,,Senior Financial Analyst,3XL
129,Harp,Walkington,hwalkington3k@usgs.gov,Male,92.217.12.180,F-Series,Durham,United States,27717,VP Accounting,M
130,Hamid,Bremner,hbremner3l@ifeng.com,Male,93.34.215.193,Sportage,Dongbei,China,,Media Manager I,3XL
131,Binnie,Lytlle,blytlle3m@wiley.com,Female,157.65.189.167,3000GT,Independencia,Mexico,26830,Chemical Engineer,L
132,Mel,Doore,mdoore3n@cbsnews.com,Male,213.203.225.14,Grand Marquis,Izumi,Japan,993-0031,Software Engineer I,M
133,Sula,Mandifield,smandifield3o@phpbb.com,Female,166.89.36.174,MX-5,Thị Trấn Cẩm Thủy,Vietnam,,Speech Pathologist,XL
134,Breena,Zavittieri,bzavittieri3p@arstechnica.com,Female,177.223.184.156,Rondo,Arfará,Greece,,Office Assistant III,L
135,Theodor,Varnes,tvarnes3q@twitter.com,Male,243.108.180.11,Titan,Canguçu,Brazil,96600-000,Administrative Assistant IV,L
136,Anna,MacPhail,amacphail3r@irs.gov,Female,146.200.250.27,Rendezvous,Saint-Ouen,France,93487 CEDEX,Web Developer III,XL
137,Palmer,Betjes,pbetjes3s@google.de,Male,129.245.225.144,PT Cruiser,Ash Shajarah,Syria,,Occupational Therapist,L
138,Tracie,Reith,treith3t@bandcamp.com,Female,80.115.165.167,S4,Chunghwa,North Korea,,Civil Engineer,XL
139,Ned,Philpault,nphilpault3u@guardian.co.uk,Male,247.15.71.89,Sable,Czarne,Poland,77-330,Senior Editor,XS
140,Agatha,Zuanazzi,azuanazzi3v@thetimes.co.uk,Female,60.1.242.194,G-Series 3500,Nemby,Paraguay,,Food Chemist,XS
141,Rozina,Vettore,rvettore3w@usa.gov,Female,185.81.211.78,911,Mpophomeni,South Africa,7780,Sales Associate,S
142,Concettina,Britt,cbritt3x@gizmodo.com,Female,69.226.23.134,HHR,Stapleford,United Kingdom,LN6,Software Engineer III,XL
143,Cherey,Simoens,csimoens3y@fotki.com,Female,0.103.22.36,Grand Prix,Tanglag,China,,Civil Engineer,3XL
144,Alisha,Mallows,amallows3z@cam.ac.uk,Female,194.232.38.10,Truck,Dingdian,China,,Senior Sales Associate,XS
145,Daniele,Calcraft,dcalcraft40@bing.com,Female,1.176.171.142,3500,Pikalëvo,Russia,187600,Account Coordinator,XL
146,Rayna,Deely,rdeely41@chicagotribune.com,Female,174.104.81.41,JUKE,Granada,Spain,18005,Assistant Manager,XS
147,Korie,Cainey,kcainey42@tripadvisor.com,Female,68.186.185.86,Century,Ramón Castilla,Peru,,Clinical Specialist,L
148,Shay,Werendell,swerendell43@deviantart.com,Male,229.80.124.22,Continental,Nova Venécia,Brazil,29830-000,Biostatistician IV,XL
149,Valentine,Agass,vagass44@baidu.com,Female,174.15.63.113,LTD,La Azulita,Venezuela,,Research Nurse,XL
150,Ronica,Everingham,reveringham45@home.pl,Female,163.55.248.73,7 Series,Pau,France,64058 CEDEX 9,Environmental Specialist,3XL
151,Doralynn,Tatlow,dtatlow46@technorati.com,Female,28.94.90.249,Rodeo,La Huaca,Peru,,Business Systems Development Analyst,S
152,Christy,Cattini,ccattini47@google.co.jp,Female,40.166.120.123,Savana 2500,Créteil,France,94039 CEDEX,Nuclear Power Engineer,S
153,Brooks,De Stoop,bdestoop48@discuz.net,Male,152.141.42.251,GS,Huangfang,China,,Account Executive,L
154,Oralie,Grimley,ogrimley49@livejournal.com,Female,21.18.169.41,Supra,Coulommiers,France,77529 CEDEX,Financial Advisor,L
155,Angelita,Benwell,abenwell4a@freewebs.com,Female,27.181.239.40,Cayenne,Orleans,Brazil,88870-000,Internal Auditor,XS
156,Leonerd,Greensides,lgreensides4b@sfgate.com,Male,27.88.229.173,Suburban 1500,Río Campo,Equatorial Guinea,,Associate Professor,2XL
157,Reyna,Swanton,rswanton4c@msu.edu,Female,209.177.119.118,Explorer,Hortolândia,Brazil,13183-000,Quality Engineer,S
158,Tadio,Sandercock,tsandercock4d@bbc.co.uk,Male,14.254.188.216,Ram Van B350,Spassk-Dal’niy,Russia,692239,Senior Developer,3XL
159,Stephan,Adame,sadame4e@scribd.com,Male,168.233.83.64,DTS,Sindang,Indonesia,,VP Quality Control,2XL
160,Nicholle,Arthy,narthy4f@pbs.org,Female,185.95.163.34,Corsica,Stari Grad,Croatia,21460,VP Accounting,L
161,Karyl,Stile,kstile4g@theguardian.com,Female,19.25.163.120,MR2,Kotikawatta,Sri Lanka,10600,VP Quality Control,S
162,Shirl,Cunniff,scunniff4h@virginia.edu,Female,86.98.77.90,Grand Marquis,Mina de São Domingos,Portugal,7750-124,Senior Financial Analyst,3XL
163,Abdel,Casford,acasford4i@google.co.jp,Male,203.14.224.79,Taurus,Miðvágur,Faroe Islands,385,Mechanical Systems Engineer,M
164,Sherwood,Pledge,spledge4j@forbes.com,Male,254.201.223.219,Range Rover,Warwick,Canada,G6R,Computer Systems Analyst II,XS
165,Ginnie,Riba,griba4k@google.co.jp,Female,216.42.26.52,M,Stebnyk,Ukraine,,Financial Advisor,S
166,Emelia,Plaister,eplaister4l@mozilla.org,Female,94.199.24.65,XK,Kushiro,Japan,729-5122,Software Engineer II,XL
167,Lionel,Bomfield,lbomfield4m@livejournal.com,Male,214.220.251.139,Explorer Sport,Balud,Philippines,5412,Financial Analyst,3XL
168,Fleming,Prettejohns,fprettejohns4n@fda.gov,Male,77.156.204.173,GS,Calde,Portugal,3515-729,Safety Technician IV,M
169,Adoree,Wardrop,awardrop4o@tinypic.com,Female,207.77.5.236,ES,La Fortuna,Costa Rica,50402,Biostatistician II,S
170,Beverly,Shill,bshill4p@eventbrite.com,Female,45.211.208.125,530,Fagersta,Sweden,737 47,Sales Representative,M
171,Iggy,Utting,iutting4q@domainmarket.com,Non-binary,177.82.112.107,Eclipse,Ambatolampy,Madagascar,,Executive Secretary,L
172,Griffy,Joerning,gjoerning4r@ucla.edu,Male,250.104.132.251,Sundance,Shisandaogou,China,,Compensation Analyst,2XL
173,Gustavo,Shrimpton,gshrimpton4s@vimeo.com,Male,13.176.190.247,Firefly,Petäjävesi,Finland,41901,Project Manager,L
174,Kessiah,Ricks,kricks4t@twitter.com,Female,164.196.95.113,Tempo,Olocuilta,El Salvador,,Nurse,XL
175,Kyle,Venditti,kvenditti4u@baidu.com,Female,37.182.133.232,Legacy,Luleå,Sweden,971 82,Registered Nurse,3XL
176,Sonnie,Enders,senders4v@edublogs.org,Male,143.142.15.214,Bonneville,Maria Aurora,Philippines,3202,Systems Administrator IV,XL
177,Jeffry,Corrin,jcorrin4w@sciencedirect.com,Male,114.228.250.55,1500,Dijon,France,21040 CEDEX,Research Nurse,S
178,Windy,Panter,wpanter4x@independent.co.uk,Female,191.166.101.185,Villager,Atamanovka,Russia,672530,Mechanical Systems Engineer,XS
179,Cheston,Goullee,cgoullee4y@mlb.com,Bigender,155.178.68.60,MPV,Nizhniy Tsasuchey,Russia,674480,Electrical Engineer,XS
180,Gwen,Bletso,gbletso4z@google.ca,Polygender,148.107.10.175,Econoline E350,Kiryū,Japan,379-2314,Assistant Professor,XL
181,Devin,Antliff,dantliff50@ucla.edu,Male,62.147.233.228,CX-9,Jinshandian,China,,Web Designer I,S
182,Becki,Stark,bstark51@ezinearticles.com,Female,178.2.222.220,Q,Hwado,South Korea,,Analog Circuit Design manager,XL
183,Rahel,Tenniswood,rtenniswood52@nbcnews.com,Female,34.122.195.199,Windstar,Condega,Nicaragua,,VP Quality Control,XL
184,Abbie,Kolakowski,akolakowski53@mapquest.com,Male,248.146.162.18,Tracker,Dajt,Albania,,VP Sales,L
185,Martino,Stille,mstille54@360.cn,Male,127.87.190.41,Volt,Wushi,China,,Information Systems Manager,3XL
186,Gerrilee,Towell,gtowell55@chron.com,Agender,8.203.16.33,R32,Abade de Neiva,Portugal,4750-005,Computer Systems Analyst II,2XL
187,Elfrieda,Mauditt,emauditt56@aboutads.info,Female,169.185.152.95,Mirage,Suchy Las,Poland,62-002,Nurse Practicioner,S
188,Callida,Musla,cmusla57@mapy.cz,Female,227.98.132.211,LS,Lebak,Indonesia,,Teacher,XS
189,Orv,McBain,omcbain58@amazon.de,Male,255.184.61.42,TrailBlazer,Reims,France,51074 CEDEX,Chemical Engineer,XS
190,Leann,Fulop,lfulop59@ezinearticles.com,Female,54.143.254.139,Wrangler,Géfyra,Greece,,Dental Hygienist,M
191,Carmel,Woosnam,cwoosnam5a@accuweather.com,Female,88.111.76.139,Grand Vitara,Goragorskiy,Russia,366818,Administrative Assistant I,S
192,Adah,Tomkys,atomkys5b@ftc.gov,Female,40.229.7.78,Vandura 3500,Ujazd,Poland,97-225,Editor,S
193,Selma,Parry,sparry5c@google.es,Female,121.248.27.199,Neon,Áyios Nikólaos,Greece,,Help Desk Operator,S
194,Ignacio,Sunman,isunman5d@reverbnation.com,Male,151.252.185.175,XJ Series,Shibirghān,Afghanistan,,Safety Technician III,XL
195,Colman,Berthome,cberthome5e@quantcast.com,Male,229.232.242.4,Sonoma,Kebon,Indonesia,,Environmental Tech,3XL
196,Blake,Mullaney,bmullaney5f@cbc.ca,Male,25.248.125.163,Frontier,Byuravan,Armenia,,Business Systems Development Analyst,M
197,Cristobal,Crean,ccrean5g@state.tx.us,Male,219.55.144.37,Compass,Velizh,Russia,216290,Executive Secretary,2XL
198,Corey,O'Bradain,cobradain5h@disqus.com,Female,66.96.92.100,Corvette,Dailing,China,,Compensation Analyst,M
199,Sayre,Sheran,ssheran5i@sun.com,Male,165.124.154.149,VehiCROSS,Ripky,Ukraine,,Human Resources Assistant III,XS
200,Anatole,Brookfield,abrookfield5j@psu.edu,Male,83.118.252.242,Electra,Meicheng,China,,Marketing Manager,M
201,Frank,Peppett,fpeppett5k@redcross.org,Female,33.136.252.225,Corvair 500,Hato Mayor del Rey,Dominican Republic,11807,Account Coordinator,S
202,Carmine,Riddett,criddett5l@meetup.com,Male,143.164.113.251,R32,Kiili,Estonia,,Project Manager,S
203,Rochell,Andrez,randrez5m@theguardian.com,Female,247.102.3.181,F150,Nizhnepavlovka,Russia,460508,Web Developer IV,3XL
204,Rowland,Bickerstasse,rbickerstasse5n@booking.com,Male,205.154.78.128,Jetta,Tibillo,Peru,,Recruiter,2XL
205,Conway,Dubber,cdubber5o@imgur.com,Male,220.158.249.186,Mighty Max,Sinarbakti,Indonesia,,Librarian,XS
206,Solomon,Gersam,sgersam5p@google.co.uk,Male,3.20.1.80,Tiburon,Beau Vallon,Seychelles,,Account Executive,XS
207,Merline,Hinge,mhinge5q@apple.com,Female,206.188.211.47,Land Cruiser,Zblewo,Poland,83-210,Clinical Specialist,3XL
208,Sinclare,Sutter,ssutter5r@chicagotribune.com,Male,158.115.102.123,GL-Class,Joubb Jannîne,Lebanon,,Statistician IV,XS
209,Beverley,Ughelli,bughelli5s@barnesandnoble.com,Female,55.106.123.181,XK,Austin,United States,78726,Statistician IV,XS
210,Rafaelia,Geldard,rgeldard5t@omniture.com,Bigender,115.232.179.71,Eldorado,Nobo,Indonesia,,Marketing Manager,L
211,Legra,Gothup,lgothup5u@aol.com,Female,94.7.169.57,300ZX,Oehaunu,Indonesia,,Pharmacist,2XL
212,Blythe,Tabor,btabor5v@friendfeed.com,Female,107.95.243.172,Grand Prix,Nirasaki,Japan,407-0176,Cost Accountant,S
213,Persis,McAlees,pmcalees5w@japanpost.jp,Female,32.122.68.7,Mustang,Barra de Carrasco,Uruguay,,Account Representative I,L
214,Kristel,Petow,kpetow5x@imgur.com,Female,175.6.83.203,300E,Lunen,Philippines,9507,Speech Pathologist,2XL
215,Theodora,Klimpt,tklimpt5y@pagesperso-orange.fr,Female,160.14.115.92,S4,Svalöv,Sweden,268 90,Staff Scientist,3XL
216,Jens,Cridge,jcridge5z@unesco.org,Non-binary,158.61.70.157,Cayenne,Cibeureum Satu,Indonesia,,Research Associate,XS
217,Gene,Lyal,glyal60@unblog.fr,Female,253.254.201.160,Flex,Polanka Wielka,Poland,32-607,Occupational Therapist,2XL
218,Loralie,Colleran,lcolleran61@telegraph.co.uk,Female,28.166.64.46,Eclipse,Riofrío,Colombia,761028,Sales Associate,XS
219,Liam,Gersam,lgersam62@biblegateway.com,Male,51.219.233.188,Sierra,Rybarzowice,Poland,43-378,Administrative Officer,M
220,Cyrus,Gidney,cgidney63@soundcloud.com,Male,74.94.68.212,Sportvan G30,Illkirch-Graffenstaden,France,67404 CEDEX,Assistant Professor,3XL
221,Auberta,Pochon,apochon64@a8.net,Female,142.72.87.37,Altima,Kantharalak,Thailand,33110,Sales Associate,S
222,Arney,Ferrari,aferrari65@tinypic.com,Non-binary,241.138.112.254,300ZX,Sakhipur,Bangladesh,1950,Desktop Support Technician,XL
223,Clare,Gouck,cgouck66@multiply.com,Female,185.96.22.62,Quattroporte,Rancapeundey,Indonesia,,Environmental Tech,S
224,Yehudit,Joynes,yjoynes67@bloglines.com,Male,227.241.121.239,QX,Gaocheng,China,,Developer III,XL
225,Lee,Todeo,ltodeo68@google.com.br,Female,64.13.138.154,Colorado,Laranjal Paulista,Brazil,18500-000,Accountant III,S
226,Anette,Jeannot,ajeannot69@diigo.com,Female,103.233.120.45,Wrangler,Santa Bernardina,Uruguay,,Geologist III,M
227,Kassandra,Gouldsmith,kgouldsmith6a@epa.gov,Non-binary,14.211.209.115,Ridgeline,Wanzu,China,,Accountant I,2XL
228,Irwin,Brydie,ibrydie6b@youtube.com,Male,0.97.217.12,Explorer,Yingwusitang,China,,Sales Representative,3XL
229,Maddy,Faulconer,mfaulconer6c@liveinternet.ru,Male,123.151.96.47,Lancer,Novoukrainskiy,Russia,353389,Technical Writer,2XL
230,Austine,Stebbin,astebbin6d@dot.gov,Female,77.163.236.92,Lucerne,Plaridel,Philippines,7209,Human Resources Assistant I,S
231,Rowen,Overel,roverel6e@amazon.co.uk,Male,5.153.14.118,Savana 1500,Gayam,Indonesia,,Engineer III,3XL
232,Harlen,Willans,hwillans6f@gnu.org,Male,249.197.99.195,F150,Lysyanka,Ukraine,,Accounting Assistant III,XS
233,Ginger,Cruwys,gcruwys6g@wired.com,Male,5.235.153.146,Insight,Kujang-ŭp,North Korea,,VP Accounting,2XL
234,Arv,Vallantine,avallantine6h@wikia.com,Male,203.16.129.227,B-Series,Marataizes,Brazil,32450-000,Professor,3XL
235,Merilee,Inggall,minggall6i@lycos.com,Agender,245.67.228.189,Escalade ESV,Yajiang,China,,VP Accounting,XL
236,Robb,Ruger,rruger6j@marketwatch.com,Male,254.178.181.217,S80,Banatski Dvor,Serbia,,Media Manager II,3XL
237,Simeon,Kelk,skelk6k@usda.gov,Male,177.24.110.194,F250,San Isidro,Philippines,8421,Computer Systems Analyst II,XS
238,Riordan,Pinor,rpinor6l@buzzfeed.com,Male,2.21.221.30,1500,Lokea,Indonesia,,Recruiter,2XL
239,Wit,Powderham,wpowderham6m@psu.edu,Male,212.27.155.160,Montana,Oinófyta,Greece,,Human Resources Assistant I,XS
240,Ivory,Coburn,icoburn6n@netscape.com,Female,55.144.148.36,GL-Class,San José de Feliciano,Argentina,3187,Senior Sales Associate,L
241,Dacia,Laminman,dlaminman6o@usgs.gov,Female,187.20.140.183,EXP,Bailizhou,China,,Analyst Programmer,M
242,Gerty,Biggar,gbiggar6p@domainmarket.com,Female,215.176.191.225,Galant,Ouani,Comoros,,Teacher,L
243,Caddric,Fyfe,cfyfe6q@rambler.ru,Polygender,144.135.137.120,LeSabre,Paombong,Philippines,3001,Professor,3XL
244,Burr,Pindell,bpindell6r@networkadvertising.org,Genderfluid,12.78.226.124,Avalon,Huoshaoping,China,,Senior Financial Analyst,XS
245,Roanne,Blenkin,rblenkin6s@example.com,Female,160.59.212.66,F350,Milići,Bosnia and Herzegovina,,Internal Auditor,XL
246,Manfred,Di Biagi,mdibiagi6t@eventbrite.com,Genderfluid,239.227.227.127,E-Class,Ždánice,Czech Republic,593 01,Marketing Assistant,S
247,Abdel,Anker,aanker6u@soup.io,Bigender,4.22.10.196,Camry Hybrid,Kafachan,Nigeria,,Systems Administrator III,3XL
248,Barnard,George,bgeorge6v@dailymotion.com,Genderfluid,141.151.151.234,MKX,Kopayhorod,Ukraine,,VP Quality Control,S
249,Margette,Grindlay,mgrindlay6w@mediafire.com,Female,108.237.145.88,760,Nanping,China,,Accountant I,S
250,Chiquita,Wiburn,cwiburn6x@berkeley.edu,Female,249.238.72.103,Quest,Zhijiang,China,,Quality Control Specialist,M
251,Ilaire,Warburton,iwarburton6y@istockphoto.com,Male,200.234.132.215,Firebird,Qutqashen,Azerbaijan,,General Manager,2XL
252,Dolph,Tabert,dtabert6z@sciencedirect.com,Male,70.7.24.151,LS,Nikopol’,Ukraine,,Human Resources Assistant I,2XL
253,Ossie,Fassman,ofassman70@alibaba.com,Male,171.93.120.133,Envoy XL,Khalkhāl,Iran,,Recruiter,XS
254,Davide,Royden,droyden71@bizjournals.com,Male,36.128.34.60,Eclipse,Jiezi,China,,Automation Specialist I,M
255,Midge,Cyphus,mcyphus72@ebay.co.uk,Female,241.206.251.118,Mustang,Beishan,China,,Data Coordiator,S
256,Jessee,Spataro,jspataro73@unc.edu,Male,238.223.115.12,Vandura 1500,Lingshan,China,,Media Manager III,XS
257,Guglielmo,Brandom,gbrandom74@mysql.com,Male,238.196.249.1,Express 3500,Asaita,Ethiopia,,Account Executive,XL
258,Stearne,Stanton,sstanton75@posterous.com,Male,209.170.137.172,Corvette,Tiebukenwusan,China,,Staff Accountant III,3XL
259,Edvard,Jumonet,ejumonet76@ucla.edu,Male,78.180.21.108,Accord,Yangxiang,China,,Senior Sales Associate,XS
260,Berti,Zipsell,bzipsell77@multiply.com,Female,196.163.3.106,CR-X,Haolibao,China,,Automation Specialist I,2XL
261,Whit,Parton,wparton78@weather.com,Male,210.145.23.108,Breeze,Tranås,Sweden,573 23,Internal Auditor,XS
262,Llewellyn,Sarge,lsarge79@princeton.edu,Male,198.203.135.88,RL,Dordrecht,Netherlands,3319,Structural Analysis Engineer,S
263,Elsworth,Vallentine,evallentine7a@cisco.com,Male,23.87.188.35,Escort,Montpellier,France,34940 CEDEX 9,Information Systems Manager,S
264,Meagan,Ruttgers,mruttgers7b@amazon.co.jp,Female,172.70.42.84,Integra,Manalu,Indonesia,,Project Manager,S
265,Inness,Dybald,idybald7c@hao123.com,Male,98.181.200.2,Continental GTC,Paradela,Portugal,4785-231,Product Engineer,XL
266,Milo,Rayne,mrayne7d@washington.edu,Male,143.174.189.10,XJ Series,Doāba,Pakistan,26241,Nuclear Power Engineer,S
267,Alis,Ferreiro,aferreiro7e@theglobeandmail.com,Female,92.202.175.94,Celica,Loacan,Philippines,2612,Chief Design Engineer,S
268,Eada,Tydd,etydd7f@infoseek.co.jp,Female,94.163.152.162,Passport,Heidelberg,South Africa,1444,Staff Accountant III,M
269,Erminie,Martschke,emartschke7g@woothemes.com,Female,3.107.141.38,QX,Maradi,Niger,,Recruiter,S
270,Robyn,Figliovanni,rfigliovanni7h@netscape.com,Female,94.183.80.51,Dakota,Béziers,France,34504 CEDEX,Electrical Engineer,M
271,Duky,Denyukhin,ddenyukhin7i@hhs.gov,Male,116.239.220.254,Venture,Boundiali,Ivory Coast,,Nurse,S
272,Weylin,Lavens,wlavens7j@oracle.com,Male,216.106.179.231,Cavalier,Biasong,Philippines,6041,Staff Scientist,2XL
273,Natalie,Earl,nearl7k@bloglines.com,Female,209.43.211.203,Tucson,Thomassique,Haiti,,VP Marketing,S
274,Graeme,Mersey,gmersey7l@pagesperso-orange.fr,Male,114.229.0.113,G,Bingfang,China,,Product Engineer,XL
275,Alene,Sherewood,asherewood7m@topsy.com,Female,202.186.88.187,Ridgeline,Tiên Phước,Vietnam,,Chemical Engineer,3XL
276,Laural,Crighton,lcrighton7n@sohu.com,Female,240.131.198.59,Xterra,Hitoyoshi,Japan,868-0825,Systems Administrator I,3XL
277,Ax,Olyfat,aolyfat7o@upenn.edu,Male,202.66.186.219,G37,Santos Dumont,Brazil,36240-000,Librarian,3XL
278,Fawne,Shakelade,fshakelade7p@imdb.com,Female,52.143.250.123,S-Class,Comé,Benin,,Staff Scientist,3XL
279,Ralina,Graysmark,rgraysmark7q@independent.co.uk,Female,33.79.112.188,Yukon XL 2500,Antaparco,Peru,,Recruiter,2XL
280,Beatrice,Lithgow,blithgow7r@netlog.com,Non-binary,166.231.161.10,H1,Tinaco,Venezuela,,Web Designer II,XL
281,Lanni,Szymoni,lszymoni7s@jugem.jp,Female,75.182.86.101,SC,Ostrów Lubelski,Poland,21-110,Cost Accountant,S
282,Jermayne,Grafton-Herbert,jgraftonherbert7t@so-net.ne.jp,Male,235.40.234.171,Z3,Kotel,Bulgaria,8970,Senior Cost Accountant,S
283,Vin,Wardhough,vwardhough7u@marketwatch.com,Male,238.246.191.249,M Roadster,Tingloy,Philippines,4203,Nurse,XS
284,Harriett,Mastrantone,hmastrantone7v@npr.org,Female,19.50.84.226,Rockette,Paris 17,France,75817 CEDEX 17,Electrical Engineer,L
285,Juditha,Kunzelmann,jkunzelmann7w@etsy.com,Bigender,158.233.40.78,Express 1500,Marki,Poland,05-270,Office Assistant II,2XL
286,Nikolaus,Keijser,nkeijser7x@macromedia.com,Male,246.93.16.6,E150,Tirtopuro,Indonesia,,Geological Engineer,XS
287,Marigold,Ianinotti,mianinotti7y@unesco.org,Female,211.212.135.29,Sequoia,Kupu,China,,Registered Nurse,XS
288,Desirae,O'Kenny,dokenny7z@fastcompany.com,Female,201.106.109.169,Pathfinder,Monkey Hill,Saint Kitts and Nevis,,Engineer III,3XL
289,Clemence,D'Alwis,cdalwis80@ycombinator.com,Female,108.150.18.27,Continental,Talisay,Philippines,4602,Technical Writer,M
290,Moyna,Emmet,memmet81@weibo.com,Female,129.31.42.134,Camaro,Casal Novo,Portugal,6100-218,Health Coach I,L
291,Jasmin,Dwelley,jdwelley82@blogspot.com,Female,202.60.133.92,Sorento,Loukhi,Russia,186660,Geological Engineer,S
292,Lora,Probate,lprobate83@buzzfeed.com,Female,43.221.215.234,Expedition,Kotabunan,Indonesia,,VP Sales,L
293,Rebeka,Condon,rcondon84@godaddy.com,Female,101.196.42.9,Stratus,Le Mans,France,72080 CEDEX 9,Accounting Assistant II,S
294,Daphne,Shimmin,dshimmin85@flavors.me,Female,91.162.150.212,Eclipse,Gore,New Zealand,9740,Software Consultant,L
295,Evered,Snugg,esnugg86@walmart.com,Polygender,34.198.48.55,Esteem,Tomay Kichwa,Peru,,VP Marketing,XS
296,Amara,Sadler,asadler87@gnu.org,Genderqueer,25.57.101.14,57,Ágios Geórgios,Greece,,Data Coordiator,2XL
297,Berkie,Bowkett,bbowkett88@economist.com,Genderfluid,34.37.194.56,Grand Am,Hirakata,Japan,999-7681,Food Chemist,XL
298,Modestine,Ardley,mardley89@washington.edu,Female,18.70.162.219,Avanti,Kultayevo,Russia,614520,Pharmacist,M
299,Lind,Lanning,llanning8a@springer.com,Male,185.213.89.84,Mighty Max Macro,Mertert,Luxembourg,L-6693,Engineer II,S
300,Andrey,Whetnell,awhetnell8b@miitbeian.gov.cn,Male,1.153.81.37,Bonneville,Berlin,Germany,10179,General Manager,XL
301,Basilio,Causbey,bcausbey8c@hubpages.com,Male,96.223.103.239,Esprit,Santiago,Mexico,54784,Project Manager,S
302,Carri,Dodge,cdodge8d@ehow.com,Female,202.197.60.51,Neon,Nenotes,Indonesia,,Accounting Assistant II,2XL
303,Tildie,Crimin,tcrimin8e@yahoo.com,Female,249.56.176.58,Accent,Habiganj,Bangladesh,7903,Geological Engineer,2XL
304,Rufe,Darrell,rdarrell8f@tinyurl.com,Male,113.154.152.73,Rapide,Gilin,Indonesia,,Teacher,M
305,Jolie,Giggie,jgiggie8g@wp.com,Female,106.109.249.229,Coachbuilder,San Lorenzo,Nicaragua,,Office Assistant I,3XL
306,Theodore,Powlett,tpowlett8h@walmart.com,Male,91.205.63.1,Ram 3500,Qingkenpao,China,,Engineer II,S
307,Casar,Hazlehurst,chazlehurst8i@redcross.org,Male,229.59.167.110,Yukon,Francisco I Madero,Mexico,30853,VP Marketing,XS
308,Freedman,Francom,ffrancom8j@shop-pro.jp,Male,145.204.41.154,Canyon,Diamantina,Philippines,1017,Data Coordiator,2XL
309,Theodora,Port,tport8k@webnode.com,Genderfluid,13.224.108.155,XK Series,Nyinqug,China,,VP Product Management,3XL
310,Elihu,Hatherleigh,ehatherleigh8l@free.fr,Genderfluid,197.48.134.2,Truck,Tournan-en-Brie,France,77224 CEDEX,Research Assistant I,XL
311,Cedric,Alessandrucci,calessandrucci8m@feedburner.com,Male,162.36.141.211,Pajero,Vuka,Croatia,31403,Senior Sales Associate,XL
312,Cleveland,Ledstone,cledstone8n@bloomberg.com,Male,232.187.255.240,Discovery,Lagawe,Philippines,3600,Developer IV,2XL
313,Nessi,Wingrove,nwingrove8o@vkontakte.ru,Female,179.186.39.229,Cobalt,Leles,Indonesia,,Accounting Assistant IV,2XL
314,Ezra,Ardley,eardley8p@cam.ac.uk,Male,24.66.145.30,Z4,Zhongzhai,China,,Software Engineer III,L
315,Ynez,Khomich,ykhomich8q@weather.com,Female,74.76.196.254,Suburban 1500,Devesa,Portugal,4970-521,GIS Technical Architect,S
316,Shanan,Weber,sweber8r@symantec.com,Male,49.114.206.22,Skylark,Botao,Philippines,2422,Sales Representative,M
317,Armando,Weben,aweben8s@simplemachines.org,Male,101.101.140.96,Corvette,Boquira,Brazil,46530-000,Food Chemist,L
318,Sue,Dallemore,sdallemore8t@hostgator.com,Female,206.198.18.30,E-Series,Kamieniec Wrocławski,Poland,55-002,Tax Accountant,L
319,Skippy,Dubbin,sdubbin8u@foxnews.com,Male,19.165.131.15,Sidekick,Dong’an,China,,Research Associate,S
320,Xenos,Knight,xknight8v@reddit.com,Male,178.36.237.137,Genesis Coupe,Macklin,Canada,B0K,Information Systems Manager,M
321,Sarena,Hutchings,shutchings8w@mapquest.com,Bigender,138.155.45.111,XC70,Nashtā Rūd,Iran,,VP Quality Control,XL
322,Ofelia,Guilliatt,oguilliatt8x@cargocollective.com,Female,73.107.75.3,Z4 M Roadster,Binuangan,Philippines,9008,Sales Representative,XL
323,Ariela,Cridge,acridge8y@dell.com,Female,6.134.7.153,Z4,Smederevo,Serbia,,Tax Accountant,XL
324,Reed,Mauser,rmauser8z@patch.com,Male,56.184.197.165,Continental,Taldyqorghan,Kazakhstan,,Web Developer III,2XL
325,Petunia,Hancock,phancock90@illinois.edu,Female,71.81.216.73,C30,Bitica,Equatorial Guinea,,Operator,3XL
326,Dirk,McGuigan,dmcguigan91@studiopress.com,Male,48.65.19.148,E-Class,Zavitinsk,Russia,391710,Community Outreach Specialist,M
327,Shandy,Menicomb,smenicomb92@digg.com,Female,116.174.56.68,Cayman,Plaza Huincul,Argentina,8318,Administrative Assistant I,XL
328,Tootsie,Nabbs,tnabbs93@domainmarket.com,Female,11.163.49.224,T100,Kyriáki,Greece,,Environmental Tech,2XL
329,Bobbie,Towse,btowse94@moonfruit.com,Female,155.43.133.76,Elantra,Vista Alegre,Portugal,3830-295,Product Engineer,M
330,Norry,Jardine,njardine95@ustream.tv,Female,124.86.170.101,Express 1500,Comrat,Moldova,MD-5354,Occupational Therapist,L
331,Towny,Fullwood,tfullwood96@about.com,Male,95.86.40.21,Eclipse,Diaoluoshan,China,,Technical Writer,XS
332,Claudetta,Moscon,cmoscon97@geocities.jp,Female,40.68.197.179,Civic,Doroslovo,Serbia,,Editor,M
333,Tammi,Ivashechkin,tivashechkin98@people.com.cn,Female,68.150.161.40,CLK-Class,Santa Cruz do Rio Pardo,Brazil,18900-000,Web Developer III,3XL
334,Gabriel,Mc-Kerley,gmckerley99@soundcloud.com,Male,60.52.100.198,LS,Jihlava,Czech Republic,586 01,Nurse,2XL
335,Stearn,Durdle,sdurdle9a@nsw.gov.au,Male,157.246.192.124,Sequoia,Trashigang,Bhutan,,GIS Technical Architect,M
336,Kelcey,Sheeres,ksheeres9b@indiatimes.com,Genderfluid,161.185.189.15,Alero,Ganxi,China,,VP Product Management,XS
337,Seline,Do,sdo9c@blogs.com,Female,226.22.136.146,Frontier,Imperatriz,Brazil,65900-000,Senior Sales Associate,XL
338,Sidney,O'Dennehy,sodennehy9d@globo.com,Male,248.248.79.157,Challenger,Zaolin,China,,Staff Scientist,XL
339,Pierce,Stephen,pstephen9e@ebay.com,Male,65.68.88.45,Oasis,Columbus,United States,43215,Occupational Therapist,3XL
340,Rossy,Yude,ryude9f@vk.com,Male,101.177.145.76,Corsica,Gbadolite,Democratic Republic of the Congo,,Software Test Engineer III,XL
341,Millie,Jarlmann,mjarlmann9g@answers.com,Female,97.208.61.67,MDX,Hengyang,China,,Geologist I,L
342,Ashla,Doucette,adoucette9h@homestead.com,Female,101.164.234.204,Suburban,Encontrados,Venezuela,,Budget/Accounting Analyst I,XS
343,Ronny,Laminman,rlaminman9i@mac.com,Male,108.7.156.159,Econoline E350,Vännäs,Sweden,911 32,Sales Representative,3XL
344,Ximenes,Alberts,xalberts9j@nymag.com,Male,94.248.96.194,Grand Marquis,Presidencia Roque Sáenz Peña,Argentina,5444,Payment Adjustment Coordinator,L
345,Roz,Coweuppe,rcoweuppe9k@exblog.jp,Female,134.147.27.165,Grand Am,Dobje pri Planini,Slovenia,3224,Product Engineer,XL
346,Virginie,Bembrick,vbembrick9l@cnn.com,Female,211.217.31.130,Outback,Longmenfan,China,,Environmental Tech,XS
347,Ina,Legon,ilegon9m@dot.gov,Bigender,50.158.255.220,Park Avenue,Gilowice,Poland,34-322,Computer Systems Analyst I,3XL
348,Karrie,Bulley,kbulley9n@pagesperso-orange.fr,Female,2.247.112.166,Corolla,Mulanay,Philippines,4312,Director of Sales,XL
349,Arabelle,Nussen,anussen9o@feedburner.com,Female,24.91.9.154,Accent,Bachuan,China,,Clinical Specialist,S
350,Luis,Simoneschi,lsimoneschi9p@fastcompany.com,Genderqueer,148.105.67.11,Mark VIII,Lat Lum Kaeo,Thailand,12140,Human Resources Assistant IV,L
351,Everett,Crighton,ecrighton9q@twitter.com,Male,62.191.254.34,HHR,Vuokatti,Finland,88610,Accounting Assistant II,2XL
352,Lou,Haglington,lhaglington9r@google.ru,Male,249.249.117.4,Grand Caravan,Hejia,China,,Quality Engineer,XS
353,Demetris,Carass,dcarass9s@hubpages.com,Male,129.69.34.8,E150,Milagros,Philippines,5410,Senior Financial Analyst,XS
354,Rodd,Blunsden,rblunsden9t@auda.org.au,Agender,221.106.208.41,3500,Cái Dầu,Vietnam,,Electrical Engineer,XS
355,Guntar,Ettritch,gettritch9u@arstechnica.com,Male,161.9.190.181,Town & Country,Saari,Finland,59511,Financial Advisor,3XL
356,Riannon,Wonfar,rwonfar9v@ebay.com,Female,52.152.184.240,S10,Shanjie,China,,Analyst Programmer,S
357,Reginauld,Winsom,rwinsom9w@odnoklassniki.ru,Male,55.163.162.98,Mazda3,Obita,Japan,859-0416,Administrative Officer,XS
358,Tisha,McFarlan,tmcfarlan9x@mapquest.com,Female,158.117.106.158,Crossfire,Pećigrad,Bosnia and Herzegovina,,Civil Engineer,XS
359,Sallee,McIlwraith,smcilwraith9y@adobe.com,Female,177.251.140.235,LeMans,Yunchi,China,,Financial Analyst,3XL
360,Ingrim,Flecknell,iflecknell9z@reverbnation.com,Male,222.27.216.104,Sable,Guantian,China,,GIS Technical Architect,2XL
361,Pansy,Bucknell,pbucknella0@jugem.jp,Female,97.96.246.7,A4,Forbach,France,57609 CEDEX,Analyst Programmer,XS
362,Tommi,Heggadon,theggadona1@paypal.com,Female,54.29.224.3,Lanos,Bayuwan,Indonesia,,Research Associate,XS
363,Art,Tewkesbury,atewkesburya2@craigslist.org,Male,68.173.45.13,V90,Pisangkemeng,Indonesia,,Computer Systems Analyst II,XL
364,Griff,Rookes,grookesa3@youtube.com,Non-binary,96.160.29.220,Silverado 1500,Manamrag,Philippines,6811,Recruiter,L
365,Alvera,Caro,acaroa4@fc2.com,Female,154.183.10.215,Ram Wagon B250,Kumba,Cameroon,,Help Desk Technician,XS
366,Cointon,Twitty,ctwittya5@army.mil,Male,92.91.144.120,CR-V,Kongoussi,Burkina Faso,,Internal Auditor,S
367,Thorstein,Reyson,treysona6@bravesites.com,Male,215.60.40.72,Sierra 1500,Volgograd,Russia,309621,Technical Writer,XS
368,Cully,Alexsandrov,calexsandrova7@elpais.com,Male,75.223.56.228,Sentra,Zavety Il’icha,Russia,682803,Programmer Analyst III,L
369,Talia,Sarfatti,tsarfattia8@google.pl,Female,146.223.112.195,Escape,Mafraq,Jordan,,Environmental Specialist,S
370,Anastasie,Weir,aweira9@squarespace.com,Female,128.42.238.197,Cherokee,Kastsyukovichy,Belarus,,Senior Editor,2XL
371,Karna,Richie,krichieaa@vkontakte.ru,Genderfluid,47.110.83.77,S-Series,Maastricht,Netherlands,6214,Senior Editor,M
372,Prentiss,Ribeiro,pribeiroab@ifeng.com,Male,242.43.190.253,RL,Aḑ Ḑil‘,Yemen,,Compensation Analyst,S
373,Godfree,Abramcik,gabramcikac@salon.com,Male,180.106.24.185,Aries,Douz,Tunisia,,Sales Associate,3XL
374,Henriette,Cloney,hcloneyad@nsw.gov.au,Female,202.177.244.66,Town & Country,Huishi,China,,Editor,M
375,Carla,Petrovic,cpetrovicae@stanford.edu,Female,25.216.62.199,90,Żarki-Letnisko,Poland,42-311,Accountant II,M
376,Babita,Nuzzi,bnuzziaf@marketwatch.com,Female,235.85.76.189,Montego,Aquitania,Colombia,152429,Automation Specialist III,M
377,Rafaela,Braybrook,rbraybrookag@vkontakte.ru,Female,98.121.132.55,Sequoia,Oslo,Norway,0581,Associate Professor,2XL
378,Madelon,Whitnell,mwhitnellah@forbes.com,Female,39.201.127.131,2500 Club Coupe,Babakanbandung,Indonesia,,Staff Scientist,L
379,Norbert,Fenne,nfenneai@gnu.org,Male,170.41.68.168,Veracruz,Huochang,China,,Occupational Therapist,3XL
380,Derry,Godleman,dgodlemanaj@eventbrite.com,Male,219.32.173.144,Monte Carlo,Bujumbura,Burundi,,Help Desk Technician,XL
381,Loy,Langmuir,llangmuirak@who.int,Male,30.77.134.26,GS,Majdal Banī Fāḑil,Palestinian Territory,,Geologist III,XS
382,Barris,Haggidon,bhaggidonal@dagondesign.com,Male,145.95.185.150,Corvette,Dulangan,Philippines,1115,Nurse Practicioner,2XL
383,Karlens,Cadwaladr,kcadwaladram@skype.com,Male,184.28.37.169,Gallardo,Cikadondongdesa,Indonesia,,Design Engineer,M
384,Ross,MacLaverty,rmaclavertyan@paginegialle.it,Male,158.23.230.210,Camry Hybrid,Kebon,Indonesia,,Administrative Officer,S
385,Milzie,Blenkiron,mblenkironao@indiegogo.com,Female,117.191.131.148,S-Class,Shawnee Mission,United States,66286,General Manager,L
386,Tobi,Bernhardt,tbernhardtap@nhs.uk,Female,245.130.250.77,Continental,Wangda,China,,Senior Developer,S
387,Germana,Brabin,gbrabinaq@samsung.com,Female,54.217.98.63,Xterra,Veselí nad Moravou,Czech Republic,698 01,Librarian,3XL
388,Audy,Addams,aaddamsar@seesaa.net,Female,69.197.32.239,Continental Flying Spur,Fuchūchō,Japan,729-3222,Geological Engineer,2XL
389,Amelia,Garrie,agarrieas@chronoengine.com,Female,71.121.162.13,Tribute,Citatah Kaler,Indonesia,,Paralegal,L
390,Tine,Pietruszka,tpietruszkaat@nature.com,Female,138.13.203.10,Sonoma,Lau,Nigeria,,Account Executive,2XL
391,Dian,Clemitt,dclemittau@tumblr.com,Female,82.155.17.254,Titan,Portela,Portugal,4690-300,Director of Sales,S
392,Meryl,Stenet,mstenetav@scribd.com,Female,179.26.142.149,Titan,Acherítou,Cyprus,,Senior Quality Engineer,L
393,Randall,Gwillyam,rgwillyamaw@dropbox.com,Male,42.95.216.59,57,Chang Klang,Thailand,84240,Paralegal,3XL
394,Oona,Burberow,oburberowax@g.co,Female,39.29.51.249,Frontier,Fushi,China,,Chief Design Engineer,XS
395,Frederica,Bellringer,fbellringeray@vistaprint.com,Female,230.192.118.129,RX Hybrid,Kuching,Malaysia,93658,Electrical Engineer,S
396,Latia,Dottridge,ldottridgeaz@wsj.com,Female,141.152.205.160,S2000,Shushary,Russia,196626,Developer III,XL
397,Audie,Pumfrey,apumfreyb0@miitbeian.gov.cn,Female,147.191.36.246,330,Xiaomian,China,,Budget/Accounting Analyst I,XS
398,Marianne,Smullin,msmullinb1@histats.com,Female,182.157.151.171,A6,Tanlin,China,,Director of Sales,XS
399,Warde,Mackness,wmacknessb2@mysql.com,Male,3.222.3.93,S40,Xiaopingba,China,,Recruiter,M
400,Oliviero,Losseljong,olosseljongb3@usnews.com,Male,154.90.73.50,Impala,Hassi Berkane,Morocco,,Community Outreach Specialist,2XL
401,Konstantine,Currum,kcurrumb4@columbia.edu,Male,109.23.212.171,E-Series,Shahr-e Bābak,Iran,,Staff Scientist,XL
402,Jabez,Saxon,jsaxonb5@scientificamerican.com,Male,53.204.74.8,Civic,Sviblovo,Russia,607224,Media Manager III,S
403,Isabella,Ayscough,iayscoughb6@spiegel.de,Agender,36.177.92.167,Sonata,Bålsta,Sweden,746 40,Research Associate,XS
404,Jamill,McIlenna,jmcilennab7@bing.com,Male,55.220.16.19,Grand Am,Kraslice,Czech Republic,358 01,Librarian,M
405,Sigrid,Wethered,swetheredb8@psu.edu,Female,150.148.98.80,Leone,Dashi,China,,Associate Professor,L
406,Cesare,Eccles,cecclesb9@wix.com,Male,137.156.141.6,Acclaim,Sokol’niki,Russia,422343,Help Desk Operator,M
407,Blake,Douty,bdoutyba@google.pl,Female,51.117.126.225,Solara,Sidi Redouane,Morocco,,Paralegal,3XL
408,Georgy,Batcock,gbatcockbb@intel.com,Male,70.248.41.99,Econoline E150,Xiyuan,China,,Media Manager I,S
409,Virgina,Hart,vhartbc@51.la,Female,109.92.89.182,LTD Crown Victoria,Pasanggrahan,Indonesia,,Analyst Programmer,S
410,Alix,Avann,aavannbd@joomla.org,Female,241.245.191.217,V70,Tianmen,China,,Community Outreach Specialist,S
411,Ethelyn,Prowse,eprowsebe@fastcompany.com,Female,126.224.42.185,S2000,Alvesta,Sweden,342 80,Compensation Analyst,L
412,Gerry,Davitashvili,gdavitashvilibf@marketwatch.com,Female,211.68.48.190,Optima,Benito Juarez,Mexico,35180,Food Chemist,XL
413,Isa,Gainsborough,igainsboroughbg@miitbeian.gov.cn,Male,191.69.85.161,LeSabre,Capitán Bermúdez,Argentina,2156,Developer II,2XL
414,Max,Mottinelli,mmottinellibh@yandex.ru,Male,29.207.55.216,Explorer Sport Trac,Wangchang,China,,Help Desk Technician,XS
415,Babara,Leheude,bleheudebi@stumbleupon.com,Non-binary,174.78.95.198,T100,Kanturk,Ireland,K36,Librarian,2XL
416,Bradney,Cleaton,bcleatonbj@springer.com,Male,250.231.153.179,Santa Fe,El Marañón,Honduras,,Software Test Engineer III,3XL
417,Rania,Margaret,rmargaretbk@jugem.jp,Female,232.100.143.121,Suburban 1500,Ban Lam Luk Ka,Thailand,31120,Community Outreach Specialist,XS
418,Janifer,Pollak,jpollakbl@digg.com,Female,126.219.58.26,Grand Cherokee,San Eduardo,Philippines,7207,Quality Engineer,XL
419,Charo,Yearnes,cyearnesbm@cam.ac.uk,Female,56.179.113.166,Pathfinder,Aparecida,Brazil,12570-000,General Manager,2XL
420,Aldin,Boshers,aboshersbn@nyu.edu,Male,60.79.119.125,Land Cruiser,Tashla,Russia,461199,Engineer IV,M
421,Emmaline,Fylan,efylanbo@studiopress.com,Female,203.155.158.138,458 Italia,Gālīkesh,Iran,,Budget/Accounting Analyst IV,3XL
422,Marwin,Kleinmann,mkleinmannbp@google.pl,Genderfluid,98.214.154.253,Malibu,Carriedo,Philippines,4710,Food Chemist,L
423,Gunter,Chelsom,gchelsombq@freewebs.com,Non-binary,110.114.72.76,PT Cruiser,Bungsuan,Philippines,1105,Community Outreach Specialist,M
424,Maurise,Le Brum,mlebrumbr@163.com,Female,253.158.117.160,SLK-Class,Uryupinsk,Russia,403140,Research Assistant III,XL
425,Siward,Bretherton,sbrethertonbs@marriott.com,Male,80.44.167.55,Viper,Fuxing,China,,Assistant Media Planner,M
426,Ephrem,Caught,ecaughtbt@smh.com.au,Male,229.250.215.34,Cayenne,Amboasary,Madagascar,,VP Accounting,S
427,Leela,Hellin,lhellinbu@japanpost.jp,Female,67.185.109.108,Monte Carlo,Sananduva,Brazil,99840-000,Project Manager,L
428,Jemie,Stollman,jstollmanbv@globo.com,Female,61.26.252.223,Esteem,Souto,Portugal,4750-419,Staff Accountant I,XS
429,Alys,Sonley,asonleybw@nasa.gov,Female,248.126.22.255,Mazda6,Libog,Philippines,3905,Computer Systems Analyst I,3XL
430,Linn,Brotherick,lbrotherickbx@epa.gov,Male,242.227.65.22,F150,Kyonju,South Korea,,Human Resources Assistant I,XS
431,Conny,Double,cdoubleby@buzzfeed.com,Female,52.172.243.188,Hombre Space,Paleran,Indonesia,,Software Test Engineer II,S
432,Tyrus,Manktelow,tmanktelowbz@cocolog-nifty.com,Male,209.31.186.111,Malibu,Tuohua,China,,Help Desk Operator,3XL
433,Dewitt,Fossitt,dfossittc0@hc360.com,Male,41.13.68.124,Impreza,Banjar Jagasatru,Indonesia,,Research Assistant III,XL
434,Clemmie,Grayland,cgraylandc1@seattletimes.com,Female,116.199.21.26,Boxster,Coris,Peru,,Administrative Assistant II,3XL
435,Henrieta,Meni,hmenic2@angelfire.com,Female,34.11.178.76,Jimmy,Zduńska Wola,Poland,98-231,Senior Developer,S
436,Belinda,Porcher,bporcherc3@cnet.com,Female,109.144.240.144,3500 Club Coupe,Saint-Ambroise,Canada,G7P,Structural Analysis Engineer,S
437,Keir,Wincott,kwincottc4@jimdo.com,Male,191.94.57.136,Swift,Fantan,Armenia,,Speech Pathologist,XL
438,Holly-anne,Lambersen,hlambersenc5@ebay.com,Female,113.167.141.244,Lumina,Stavropol’,Russia,356235,Operator,3XL
439,Joy,Schimaschke,jschimaschkec6@nifty.com,Female,162.14.219.194,Dakota Club,Khemisset,Morocco,,Nurse Practicioner,3XL
440,Mandel,Breddy,mbreddyc7@google.fr,Male,199.33.224.187,i-350,Tanabe,Japan,610-0331,Mechanical Systems Engineer,XS
441,Carlyle,Theodoris,ctheodorisc8@uiuc.edu,Male,192.144.171.53,Ram Van 1500,Condado,Cuba,,Associate Professor,2XL
442,Brigham,MacRierie,bmacrieriec9@cocolog-nifty.com,Male,185.157.186.17,Odyssey,Quintão,Portugal,4745-328,VP Quality Control,2XL
443,Jakob,Exon,jexonca@ehow.com,Polygender,216.20.54.233,Malibu,Naagas,Philippines,1413,Web Developer I,2XL
444,Issi,Wrightham,iwrighthamcb@mayoclinic.com,Female,99.107.209.255,Continental,Świdnica,Poland,66-008,Office Assistant III,S
445,Kandy,Fowlston,kfowlstoncc@aol.com,Female,118.81.148.183,Bravada,Taourirt,Morocco,,Desktop Support Technician,M
446,Karlen,Gait,kgaitcd@printfriendly.com,Female,30.4.209.195,Vibe,Psygansu,Russia,361326,Civil Engineer,XS
447,Karylin,Josh,kjoshce@archive.org,Female,255.20.13.223,5 Series,Ibirama,Brazil,89140-000,Dental Hygienist,L
448,Darrin,Kempson,dkempsoncf@census.gov,Male,204.163.89.104,Villager,Paris 16,France,75215 CEDEX 16,Sales Representative,XS
449,Marsiella,Benzi,mbenzicg@opensource.org,Female,4.0.22.162,Caravan,Acobamba,Peru,,Desktop Support Technician,XL
450,Uri,Gouldbourn,ugouldbournch@stanford.edu,Agender,52.152.83.126,XC90,Piracuruca,Brazil,64240-000,Developer II,XS
451,Andi,Noe,anoeci@bluehost.com,Female,141.70.129.54,M6,Paris 13,France,75706 CEDEX 13,Dental Hygienist,2XL
452,Dorena,Donnellan,ddonnellancj@oakley.com,Female,150.111.62.163,3 Series,Sáchica,Colombia,154047,Marketing Manager,L
453,Philippe,Simacek,psimacekck@xinhuanet.com,Female,213.142.223.67,Civic,Totoral,Peru,,Systems Administrator III,XS
454,Mariam,Lorenzin,mlorenzincl@si.edu,Female,163.71.94.118,Miata MX-5,Kanungu,Uganda,,Desktop Support Technician,XS
455,Adrian,Bellie,abelliecm@rediff.com,Female,87.244.115.220,4Runner,Yanyang,China,,Geologist III,S
456,Tiphani,Lenihan,tlenihancn@symantec.com,Female,188.114.86.127,Freelander,Tāfuna,American Samoa,96799,Electrical Engineer,S
457,Mohammed,Magor,mmagorco@army.mil,Male,190.177.221.228,F450,Mizusawa,Japan,999-7542,Graphic Designer,3XL
458,Felicdad,Dumphries,fdumphriescp@nhs.uk,Female,172.209.196.121,Catera,Mayumba,Gabon,,Registered Nurse,2XL
459,Page,Jostan,pjostancq@hatena.ne.jp,Female,254.119.209.4,Ram 3500,El Porvenir,Mexico,29920,Civil Engineer,L
460,Tiphanie,Brechin,tbrechincr@hud.gov,Agender,98.126.114.245,Continental GT,Lapuan,Philippines,3015,Geological Engineer,L
461,Bee,Macek,bmacekcs@forbes.com,Female,223.241.136.162,Discovery,Benito Juarez,Mexico,84015,Safety Technician III,L
462,Michael,Lechmere,mlechmerect@vimeo.com,Male,128.116.152.170,Civic Si,Komatsu,Japan,999-8317,Financial Analyst,M
463,Lannie,Pabel,lpabelcu@ibm.com,Male,28.233.93.65,Legend,Maicao,Colombia,442009,Payment Adjustment Coordinator,S
464,Suzi,Moberley,smoberleycv@cnet.com,Female,202.152.228.204,Tundra,Tartaro,Philippines,2307,Dental Hygienist,2XL
465,Cordie,MacAlroy,cmacalroycw@aboutads.info,Female,155.5.74.12,Touareg 2,Campo Mourão,Brazil,87300-000,Associate Professor,L
466,Britt,Stovell,bstovellcx@sun.com,Male,29.169.204.231,Outback Sport,Pesucen,Indonesia,,VP Sales,M
467,Lissie,Datte,ldattecy@g.co,Female,82.13.145.35,Corolla,Pamoyanan,Indonesia,,Recruiter,3XL
468,Doe,Cunnington,dcunningtoncz@godaddy.com,Female,252.36.98.145,Rainier,Lama,Portugal,4890-372,Chief Design Engineer,M
469,Merle,McAless,mmcalessd0@blogs.com,Genderqueer,30.131.48.17,Jetta,Bragança Paulista,Brazil,12900-000,Community Outreach Specialist,3XL
470,Hastings,Toffaloni,htoffalonid1@kickstarter.com,Male,33.109.234.102,T100 Xtra,Camargo,Bolivia,,Senior Quality Engineer,XS
471,Meryl,Jancic,mjancicd2@bbb.org,Polygender,252.239.200.209,Tacoma,Tanza,Philippines,4108,Editor,L
472,Nancie,Blanko,nblankod3@nymag.com,Genderfluid,19.8.91.85,Vanquish S,Kebon,Indonesia,,Nurse Practicioner,M
473,Davon,Koenen,dkoenend4@zdnet.com,Male,217.21.112.172,Grand Am,Puro,Philippines,5414,Sales Associate,XS
474,Sara,Dewer,sdewerd5@time.com,Female,170.155.0.142,Maxima,Leijiadian,China,,Geological Engineer,M
475,Conway,Hovington,chovingtond6@dropbox.com,Polygender,227.52.210.253,MKZ,Idtig,Philippines,1085,Chief Design Engineer,S
476,Ches,Gue,cgued7@go.com,Male,44.42.144.79,Navigator,Kauran,Philippines,1106,Software Consultant,2XL
477,Dalt,Giuron,dgiurond8@weather.com,Male,176.28.236.245,xD,Triesenberg,Liechtenstein,9497,Payment Adjustment Coordinator,S
478,Dorelia,Gobert,dgobertd9@theatlantic.com,Female,0.164.6.254,Villager,Toutosa,Portugal,4635-522,Financial Analyst,3XL
479,Gabriella,Dreakin,gdreakinda@sfgate.com,Genderqueer,16.35.115.55,Corvette,Oslo,Norway,0102,Junior Executive,XS
480,Arden,Gerritzen,agerritzendb@furl.net,Female,255.143.75.116,XF,Aurora,United States,60505,Librarian,XL
481,Zeb,Castelyn,zcastelyndc@merriam-webster.com,Male,113.234.240.60,Sierra 2500,Echeng,China,,Operator,XS
482,Lucais,Hugnot,lhugnotdd@mozilla.org,Male,40.182.31.116,Land Cruiser,Shangjiangxu,China,,Environmental Tech,S
483,Chrotoem,Berthomier,cberthomierde@usnews.com,Male,227.10.234.82,Legacy,Dinghuo,China,,Software Test Engineer IV,S
484,Royce,Poppleston,rpopplestondf@tinyurl.com,Male,64.90.12.39,Grand Marquis,Sakhnīn,Israel,,Research Nurse,3XL
485,Christoffer,Duffree,cduffreedg@github.com,Male,222.218.254.119,Quest,Telbang,Philippines,6328,Developer III,L
486,Cass,Eisenberg,ceisenbergdh@nba.com,Male,253.195.9.251,RL,Nova Cruz,Brazil,59215-000,Recruiting Manager,2XL
487,Tabbie,Ivanyutin,tivanyutindi@princeton.edu,Male,192.130.86.58,Safari,Pustomyty,Ukraine,,Senior Quality Engineer,M
488,Felike,Heinel,fheineldj@gmpg.org,Male,97.62.163.86,Phaeton,Braunschweig,Germany,38106,Web Designer II,XL
489,Agneta,Haswall,ahaswalldk@weebly.com,Female,137.137.118.154,Yukon,Batán,Costa Rica,70502,Financial Advisor,M
490,Barty,Andrysek,bandrysekdl@hostgator.com,Male,137.103.177.59,IPL G,Terenozek,Kazakhstan,,Engineer III,M
491,Allis,Wolfer,awolferdm@rambler.ru,Female,139.114.69.144,Type 2,Siquirres,Costa Rica,70301,Geological Engineer,3XL
492,Clyve,Anselmi,canselmidn@addthis.com,Male,129.162.143.113,90,Gaillac,France,81604 CEDEX,Automation Specialist I,XL
493,Quincey,Kezor,qkezordo@creativecommons.org,Male,21.71.106.23,Freelander,Laoshawan,China,,Recruiting Manager,S
494,Stormi,Synan,ssynandp@friendfeed.com,Female,143.93.75.199,Yukon,Xiacang,China,,Design Engineer,XS
495,Perceval,Blew,pblewdq@phpbb.com,Male,105.128.221.187,Pathfinder,Píritu,Venezuela,,Help Desk Technician,XL
496,Jeno,Georghiou,jgeorghioudr@shop-pro.jp,Male,3.66.221.45,Explorer Sport,Uluale,Indonesia,,Web Designer II,XS
497,Rurik,Jamson,rjamsonds@rediff.com,Male,205.51.56.29,Express 1500,Ballivor,Ireland,D17,Research Assistant III,M
498,Marcia,Neesam,mneesamdt@ifeng.com,Non-binary,20.187.255.250,Econoline E150,Gushui,China,,Senior Sales Associate,2XL
499,Yalonda,Beamiss,ybeamissdu@mapy.cz,Female,142.133.177.180,H1,Zielona Góra,Poland,65-980,Software Consultant,XL
500,Mellie,Sibbering,msibberingdv@privacy.gov.au,Female,38.25.120.235,Sierra 3500,Raszowa,Poland,47-232,Help Desk Operator,3XL
